题目,评委ID,TOPSIS_熵权,TOPSIS_CRITIC,TOPSIS_CV,TOPSIS_标准差,TOPSIS_PCA,TOPSIS_GRA,排名_熵权,排名_CRITIC,排名_CV,排名_标准差,排名_PCA,排名_GRA
A,专家A01,0.4437938492353609,0.49272740646715746,0.4651979124392148,0.5236615909725121,0.5578675620138492,0.5179105179573248,9,8,9,8,6,9
A,专家A02,0.7871128645769252,0.748435025169392,0.769931854426675,0.7353540593373841,0.7263431734054719,0.7242105174798464,1,1,1,1,2,1
A,专家A03,0.6194967857527661,0.6655582027748174,0.6480518524465929,0.7262455108267857,0.795274163361735,0.7218294592848262,3,2,2,2,1,2
A,专家A04,0.4860300396719147,0.5387390192022863,0.500965577128782,0.5398393242193987,0.5437753022378413,0.5401172091086484,6,6,6,7,9,7
A,专家A05,0.3501053531229258,0.3972018237161162,0.37088080692210706,0.427960526854774,0.46231381470214616,0.4200509851723368,13,12,13,13,13,13
A,专家A06,0.5741408571835153,0.5843149711956168,0.5923350010392077,0.6278388030804007,0.6611053345632802,0.6387998692536848,4,4,4,3,3,3
A,专家A07,0.4498970001055994,0.47650690846101995,0.47444161662039047,0.5182024325839437,0.5470137659410492,0.538599981247708,8,10,8,9,8,8
A,专家A08,0.4660688724500875,0.5193940331945635,0.49216425181157336,0.5654363488901343,0.6181376838337063,0.5562447904617049,7,7,7,5,5,6
A,专家A09,0.407161753428183,0.43752241174484535,0.4295930496414425,0.4756528576628439,0.505446955985933,0.4888114106318907,11,11,11,11,11,11
A,专家A10,0.3279072877554534,0.3748693040802587,0.3378010185061932,0.37326215786355915,0.38126899015626126,0.3544804589845287,14,14,14,14,14,14
A,专家A11,0.4198940257872224,0.4855004453368662,0.44610166417911784,0.5159003412032184,0.5500709697078576,0.5135244386767414,10,9,10,10,7,10
A,专家A12,0.6605830271929817,0.6091030200067968,0.6322363886436296,0.5527461196830225,0.48847291582587,0.5624781264309194,2,3,3,6,12,5
A,专家A13,0.3598692521440766,0.38063830188020237,0.38920396472691815,0.45165329879274574,0.5086032494598567,0.4547864475968204,12,13,12,12,10,12
A,专家A14,0.566387494017185,0.5737490486233188,0.5845499119007744,0.616644210250154,0.6470590819891925,0.6307550462720551,5,5,5,4,4,4
B,专家B01,0.5593799791699482,0.6576303808266234,0.5983596103825359,0.6468342870438405,0.6165061923876812,0.6571179194122371,20,19,20,23,26,22
B,专家B02,0.7965068780803151,0.8397651386173014,0.8185600835784878,0.849227915203444,0.8642553580026189,0.8541017601669086,3,2,2,2,1,2
B,专家B03,0.23796334654180548,0.360706296231838,0.27037463068878964,0.32513392186266005,0.23988119109898012,0.32421837296883593,55,53,55,54,55,54
B,专家B04,0.4043783128083916,0.585951728008723,0.4857605258364049,0.6006505204975654,0.6159472568231203,0.6157875723985089,38,31,36,28,27,27
B,专家B05,0.5314243610281424,0.6474334303820354,0.5783907923759987,0.6487797655601616,0.6439602853403757,0.6548630603178552,28,21,23,22,22,23
B,专家B06,0.6577019002371591,0.6939111301974449,0.6630524851289018,0.6774108597378053,0.6440447375426361,0.6774621212466161,10,14,12,17,21,18
B,专家B07,0.5583020810178076,0.682463896920543,0.6122616259874525,0.6921871286021033,0.7040244030082172,0.6979603118079845,21,16,19,15,14,15
B,专家B08,0.8168033994506783,0.7655581296974618,0.7819799483297517,0.7491672936340152,0.7266100148544463,0.7385638937524117,2,6,3,7,9,9
B,专家B09,0.40091350625477334,0.5793058274287001,0.47619292614514386,0.5826253362837293,0.5766426477236222,0.5936853906187213,39,33,38,32,32,30
B,专家B10,0.661097059948395,0.7004894002127148,0.6844317408430101,0.7117517993909576,0.7291149027236251,0.7180651318969044,9,12,11,12,8,12
B,专家B11,0.3713700284249025,0.4748884013931612,0.41256451956159795,0.4690588860830263,0.449365920260989,0.47638315348871935,45,45,46,47,48,47
B,专家B12,0.6265587830815531,0.6899348292633601,0.6555694492285564,0.6972290251752101,0.7071137846409795,0.7015614856208683,13,15,13,14,13,14
B,专家B13,0.36188115602202686,0.5214002686606175,0.421859490498334,0.5108879473279977,0.4811233720913412,0.514075057065386,47,39,45,42,44,42
B,专家B14,0.5991946803223107,0.7171605818866752,0.6475191878789303,0.7202526763943742,0.7182211427965389,0.7273741726142907,15,11,14,11,10,10
B,专家B15,0.3937434340677279,0.5609034239481018,0.4583764361974974,0.5510714097967246,0.51920976323145,0.5578615163142315,42,36,39,37,41,37
B,专家B16,0.2819621521209783,0.3900565025806693,0.3370587610197223,0.4063070300485562,0.4289677428081923,0.4159938901710739,53,52,52,52,49,51
B,专家B17,0.5149189537193218,0.6438619832569124,0.5716936102278871,0.6545656481338006,0.6672924480575274,0.6622251878278054,29,23,24,21,19,20
B,专家B18,0.46142272169055326,0.5820795365062614,0.5042907755031475,0.5724541274694277,0.5478784301885306,0.5739353254289287,33,32,34,34,38,34
B,专家B19,0.30292136756735016,0.4333288335184634,0.3537828867576345,0.4241699252287608,0.3963174014466551,0.43115647036015076,51,50,50,50,51,50
B,专家B20,0.7779979512309673,0.7705342285389369,0.7637417417426458,0.748891007701114,0.7085046163494456,0.7501426080393914,5,5,5,8,12,7
B,专家B21,0.4946795304702402,0.597598813186052,0.5325127221995232,0.5874790172086215,0.5593394517961182,0.5942025375556707,30,27,30,30,35,29
B,专家B22,0.33966734190966813,0.4713910789690702,0.40304532851899944,0.49041964389829373,0.5194662882966042,0.49692009538244875,49,46,47,43,40,43
B,专家B23,0.43581413475570036,0.5893372141083181,0.5075768409441641,0.6083502037249219,0.6348561375684851,0.6183285828545008,35,28,33,26,23,26
B,专家B24,0.4864789493132372,0.5784028819518794,0.5176635392932383,0.566905272841789,0.5383966629877863,0.5703419424117095,32,34,31,35,39,35
B,专家B25,0.3994999004698571,0.5209624558593212,0.4576605639000893,0.5351803574776611,0.5535632105572598,0.5451653923783747,40,40,40,39,36,38
B,专家B26,0.5546058435609946,0.5025817860573277,0.5500439127178601,0.5295569945030018,0.585426710321552,0.5323644766583363,22,43,28,41,29,41
B,专家B27,0.4345567681948781,0.5868178037024706,0.49548277051762724,0.5861659224097436,0.5776903702177962,0.5900734852444179,36,30,35,31,31,32
B,专家B28,0.5711154633598877,0.6948248290730401,0.6214522637334229,0.6980279073706191,0.6971582809300115,0.703544111808962,19,13,16,13,15,13
B,专家B29,0.5521159251163354,0.5082215327811352,0.5480118124635328,0.5303680637178494,0.5754655783636713,0.5327991389087732,23,42,29,40,33,40
B,专家B30,0.38220181869823994,0.5003962747035865,0.4226957527025421,0.4861201832225334,0.4508384073262093,0.48855487793544633,43,44,44,44,47,44
B,专家B31,0.4221242264935737,0.5771203962184135,0.48520777451673547,0.5767054320528902,0.5660092419232902,0.5842143488623697,37,35,37,33,34,33
B,专家B32,0.37439801976469217,0.5501426374049916,0.447491812278054,0.5536630442530596,0.5514857372308053,0.5600853607755102,44,38,42,36,37,36
B,专家B33,0.5875740240236439,0.6397829590006753,0.6174849931810173,0.657052035735331,0.6878797435324593,0.6598829806361699,17,24,18,20,17,21
B,专家B34,0.5436078867023896,0.5892775223333387,0.5694351320171869,0.6020648926168655,0.6234513044247794,0.6063686276975078,24,29,25,27,24,28
B,专家B35,0.5318339109560661,0.6043195562787526,0.5532387795154458,0.5952045199703425,0.5785251781757499,0.5905756790597922,27,26,27,29,30,31
B,专家B36,0.3502173785294453,0.4708626287612075,0.40170391523245924,0.4740129246355105,0.47307726036618897,0.4798775072212394,48,47,48,46,45,45
B,专家B37,0.2668311126854157,0.30946241291248944,0.30023287598947407,0.33030206862183187,0.3622059278996655,0.34030605527713637,54,55,54,53,52,53
B,专家B38,0.3937625940858497,0.552213679903607,0.45288498172647124,0.5417752535887153,0.5149333013927531,0.5418383914968529,41,37,41,38,42,39
B,专家B39,0.7391941234134153,0.7911463908220442,0.7551548310484693,0.783812722344051,0.7674488909906217,0.784125389029811,6,3,6,3,5,3
B,专家B40,0.7801504221977018,0.7839049753384427,0.7774806059878563,0.7795182562601229,0.7733441056789446,0.7758362715294421,4,4,4,4,4,4
B,专家B41,0.6574027337162544,0.7590776104323473,0.6990248313857548,0.76248762845383,0.761987886930204,0.7690079403688852,11,7,9,6,6,5
B,专家B42,0.5433434543733308,0.51808577957075,0.5085070974571988,0.479381077733283,0.40695339151907134,0.4720815403310586,25,41,32,45,50,48
B,专家B43,0.54022059197021,0.6683200726086529,0.5970035537846361,0.6794168912315407,0.6919874080706832,0.6887353217736746,26,17,21,16,16,16
B,专家B44,0.437372761892534,0.39936054272279964,0.4433735453118305,0.43477085064645504,0.5081366334317046,0.4379159213404805,34,51,43,49,43,49
B,专家B45,0.7298107194857841,0.7511273617765769,0.7457381497010275,0.7632998312921839,0.785229468175185,0.7671952602723784,7,8,7,5,3,6
B,专家B46,0.5740289705482992,0.6446252299874872,0.5923577935077657,0.6293045820308052,0.5977601386520972,0.627143037009963,18,22,22,24,28,25
B,专家B47,0.6125684846992763,0.6301597928173587,0.6185871422796388,0.6274051066291239,0.6204669443763229,0.6289734109013231,14,25,17,25,25,24
B,专家B48,0.5919432636462144,0.6611194765686721,0.6231700977605509,0.6622657527275473,0.6566890177253311,0.6713268271742663,16,18,15,19,20,19
B,专家B49,0.28286372661855513,0.4424756469091967,0.3341728480249362,0.4079483338925637,0.31965185972687055,0.41053365525394886,52,49,53,51,53,52
B,专家B50,0.49449372575594563,0.6553895966510712,0.5653046946203054,0.6670262471544282,0.6794032841808532,0.6775137178269558,31,20,26,18,18,17
B,专家B51,0.3360047692477075,0.46191908960864153,0.3940923290151739,0.46694919007492086,0.46522275041837774,0.4794239194742676,50,48,49,48,46,46
B,专家B52,0.6531674335300572,0.7426757624734739,0.6887633846553776,0.7449980582572654,0.7445615766590162,0.7485713388639063,12,9,10,9,7,8
B,专家B53,0.6916041172814315,0.729162166372721,0.7010337890899195,0.7228874428863072,0.7119421783771777,0.7194361291876251,8,10,8,10,11,11
B,专家B54,0.36688420106394304,0.33064340985756846,0.3437721631135753,0.3208041204736452,0.3082181756130391,0.3123947058004375,46,54,51,55,54,55
B,专家B55,0.9031659792524633,0.8881060093971218,0.8874651748506619,0.876779764786559,0.8603915294512667,0.8708284108907454,1,1,1,1,2,1
C,专家C01,0.659285698080092,0.4876618418031515,0.6462069593888049,0.5400905204836305,0.5266620530919662,0.5947380221241294,1,14,1,10,10,5
C,专家C02,0.4113686592700728,0.5469788388104588,0.4267480348923864,0.5104700271514264,0.5250288674269216,0.471887782636142,14,11,14,12,11,14
C,专家C03,0.5152875747111354,0.6004563951725247,0.4998202655455446,0.5479808862408838,0.5454157312030208,0.502123782350902,8,8,9,8,9,11
C,专家C04,0.4528041366197119,0.6092307211782557,0.4767376026443648,0.5750670645618972,0.5929338999732101,0.536707774826772,11,6,10,6,4,8
C,专家C05,0.43808489414743057,0.4523922699137731,0.4661836560539108,0.4801688957213937,0.4809679109451105,0.5008798753338497,12,16,12,14,16,12
C,专家C06,0.6038919681558335,0.662401282100115,0.6229277918974672,0.6610621906422907,0.6812779012255249,0.6547406080659256,5,4,4,2,2,2
C,专家C07,0.5145051318603486,0.5552718149878109,0.5066970315495714,0.5297570797436162,0.5200782032722406,0.5085819987172144,9,10,8,11,12,10
C,专家C08,0.5511290617017087,0.6458751689479446,0.5505306694442647,0.6064556343024987,0.590455104959243,0.5731633594291193,6,5,6,5,6,6
C,专家C09,0.40906880138300367,0.49253669940885875,0.3849331792022456,0.4309341691841611,0.4179333105608128,0.3798221867387739,15,13,15,17,17,18
C,专家C10,0.6438838261428055,0.7014821653688316,0.6288815225762522,0.6602872329549256,0.6247895251501343,0.6310465741906733,3,3,3,3,3,3
C,专家C11,0.11251825328186484,0.1788693067258109,0.11512400269570569,0.15636594728720637,0.16720121154649775,0.131609880280737,20,19,20,20,20,20
C,专家C12,0.17612455689146075,0.12964130129061519,0.20037917884756912,0.17951779058212397,0.2351053534026533,0.20668174066974254,19,20,19,19,19,19
C,专家C13,0.30595432583514726,0.3200043581216249,0.34579488211415155,0.36172110237104294,0.3902124067685288,0.38903306761253736,18,18,18,18,18,17
C,专家C14,0.34369097012957583,0.47654412518408107,0.36556184812877796,0.4482818018844618,0.49750306437444175,0.41191745823807246,16,15,16,16,14,15
C,专家C15,0.4130932371654286,0.5734973000825012,0.4392644871505805,0.5412639310886417,0.5809563170840583,0.5006091302450052,13,9,13,9,8,13
C,专家C16,0.4578209508820233,0.6075162339611525,0.4728053014736301,0.565921975164199,0.5917958342956667,0.5195241089302366,10,7,11,7,5,9
C,专家C17,0.5211964820879829,0.43288738089160383,0.5484691343674657,0.4983234641073162,0.5000629880626003,0.555597080866344,7,17,7,13,13,7
C,专家C18,0.6306594294169009,0.7330660943291576,0.6419891881353678,0.7048081930148777,0.7166796497491992,0.6754886670145981,4,1,2,1,1,1
C,专家C19,0.6506069415153303,0.7034356314571911,0.6139162315079715,0.6377190741715186,0.5846921660243818,0.5948839921067568,2,2,5,4,7,4
C,专家C20,0.3392531558168505,0.4978533159074276,0.3501914227757839,0.4492103347008803,0.490781635391707,0.39270799394225003,17,12,17,15,15,16
D,专家D01,0.5537722662958502,0.684537923303818,0.6080953893796436,0.688538170839706,0.721386366072097,0.6921373429210955,25,14,21,14,15,13
D,专家D02,0.3484332214514911,0.5379994680463583,0.4261893961480067,0.5317990543216182,0.49831204120430617,0.535181090212831,65,46,61,49,55,49
D,专家D03,0.5475281699757025,0.520546755028773,0.5407141123757488,0.5409975258229655,0.6452663916430801,0.5454518190761053,29,51,34,46,32,46
D,专家D04,0.7371687259183493,0.777080932509507,0.7526386857163695,0.7775947300965353,0.7711125302017787,0.7794744472604821,5,4,4,4,4,4
D,专家D05,0.702192853183831,0.6637147357487828,0.677520385597495,0.6486848233601897,0.5523597328188546,0.6467309941010226,9,20,12,24,50,26
D,专家D06,0.6007185566992003,0.6649545716745007,0.6268144869501525,0.6652542611616599,0.6667111852829348,0.666995686015708,21,19,19,19,27,19
D,专家D07,0.3592252093821021,0.5081583544461554,0.4221847042840256,0.5125357279026163,0.5303067232769972,0.5176504713881328,64,55,63,58,53,58
D,专家D08,0.3703797672762659,0.526456176562844,0.43562306868515566,0.5230196387249895,0.4942240238792119,0.5269233993753727,60,50,58,53,57,52
D,专家D09,0.6981260873948961,0.6884757539119869,0.697495214878379,0.696691146318942,0.7506697781251226,0.6973540865911092,10,12,10,10,11,10
D,专家D10,0.3992881605551117,0.548195754984718,0.4628265193432731,0.5524893346059473,0.5882273528802512,0.5563472609082608,52,45,51,44,47,44
D,专家D11,0.4830923195420688,0.504132188778515,0.49613351689560226,0.5247315022762403,0.6138850473207638,0.5307655252925101,39,57,43,51,38,51
D,专家D12,0.5057887119492898,0.6266919698011743,0.5594708058185117,0.6405609745287536,0.721645372374908,0.6461434686421311,34,29,29,27,14,27
D,专家D13,0.6828670764819325,0.6447485711001771,0.6699106631519911,0.6526596807355048,0.7052257455376999,0.6525779611407747,11,26,14,23,18,23
D,专家D14,0.3915464766365848,0.5337637440239661,0.450689796092316,0.5219026350907288,0.47576401520232164,0.5213653376998667,56,48,55,54,59,54
D,专家D15,0.4255517303039564,0.49787944153288594,0.45155643610079294,0.46559726266625373,0.2675043070822023,0.4588821587788247,47,59,54,63,67,63
D,专家D16,0.4283844088260558,0.6117871553255613,0.5042291433276916,0.6098109299009503,0.6086903919807398,0.6136501611776218,46,31,42,33,39,33
D,专家D17,0.1700278388046595,0.19607246380834129,0.1861270577225422,0.20675764319099635,0.2695701803394961,0.20857225072811655,69,69,69,69,66,69
D,专家D18,0.4831712618736668,0.6339914410692351,0.5463770024358735,0.6246159380964857,0.5972771029587001,0.6246035162424186,38,28,32,29,44,30
D,专家D19,0.5173776715996304,0.6738905439686882,0.581537434160692,0.6751868419694813,0.6920975741387186,0.6791123614785273,31,18,27,18,21,18
D,专家D20,0.3056919956184058,0.4171607957785928,0.3571331037301023,0.4346186023911768,0.5187327972156267,0.44126698574501616,66,67,66,66,54,65
D,专家D21,0.47473551205514275,0.6129298287986261,0.5345063229687532,0.6236958698982205,0.6894136418796116,0.6290258495659837,40,30,36,30,22,29
D,专家D22,0.4424339698962073,0.5191554993379444,0.48092308387832244,0.5424513236913435,0.6604026298160137,0.5495795578482087,44,52,47,45,29,45
D,专家D23,0.2816811675919151,0.43682257528567014,0.3466147913133987,0.4085724477701874,0.16913686350294374,0.40500073080501275,67,66,67,67,68,67
D,专家D24,0.7063265798819597,0.7294711812183031,0.7144419640407831,0.7240216670790378,0.6976959071030241,0.7233746403000691,8,8,7,8,19,8
D,专家D25,0.6305532042155345,0.6799113004785107,0.6525930427623844,0.6852422459407752,0.7194047592372389,0.6871866004367415,17,16,16,16,16,15
D,专家D26,0.8091963801137384,0.8342048869610057,0.8215479412249481,0.842637700022661,0.8942578890357679,0.8450724016969909,2,2,2,2,1,2
D,专家D27,0.3800241421373476,0.518716017380075,0.43754520770917743,0.5162177297516801,0.4960853173799866,0.5196616218624192,58,53,57,55,56,57
D,专家D28,0.9196760751027581,0.8799282400821291,0.901958645435232,0.8803057038787933,0.8825441524941923,0.8794920801825994,1,1,1,1,2,1
D,专家D29,0.46871523454631553,0.5777737399764953,0.5168656601571526,0.5906226247836028,0.6564925774752401,0.5962214271254532,41,39,41,37,30,37
D,专家D30,0.49948605255133793,0.5864571804811854,0.534429753270679,0.5633821794015705,0.46585447125386,0.5583342095102535,35,36,37,42,60,43
D,专家D31,0.4304145320112173,0.5367584639705425,0.4721161792304867,0.5236698122916215,0.444702685428942,0.5237685629346455,45,47,48,52,64,53
D,专家D32,0.6090674872708345,0.5785217620124932,0.6022833410492411,0.6052877346383746,0.7620836823775127,0.6110383665358157,19,38,24,34,7,34
D,专家D33,0.4105589051121104,0.5907441749949109,0.4851194573045466,0.5903091161867606,0.5969864465683624,0.594479055103138,50,35,46,38,45,38
D,专家D34,0.5674900617526561,0.6508066802218189,0.6002789176624328,0.6464146256318916,0.6223754643926279,0.6477157547696404,24,24,25,25,37,24
D,专家D35,0.493342509592872,0.44662598641158546,0.4714516674246738,0.43498844642175105,0.3810746672341648,0.4308850357676021,37,65,49,65,65,66
D,专家D36,0.4602028157543826,0.6352757318584675,0.5325250809913384,0.6357330014617469,0.6434840379537464,0.6402334605263684,43,27,38,28,33,28
D,专家D37,0.6075341764551606,0.5932471082601827,0.6064452326174614,0.614148319988602,0.7267356198175435,0.6188841364591854,20,34,22,31,13,32
D,专家D38,0.6362829745486009,0.7549960731997872,0.6846809193919896,0.7533292426652707,0.7590024694817963,0.7551278933479417,15,5,11,5,8,5
D,专家D39,0.4161675379239421,0.6033298892319026,0.49446930944752143,0.5980841357064701,0.5898609025156825,0.6003746049766059,49,32,44,36,46,36
D,专家D40,0.5536340543487752,0.6508079235555903,0.5946647028584768,0.658009938625915,0.6936906544839957,0.662248066350268,26,23,26,22,20,21
D,专家D41,0.36979240810849673,0.5059947660937371,0.429384611312688,0.5157906427460794,0.5736322597241594,0.5208638933846732,61,56,60,56,49,55
D,专家D42,0.7441982079072524,0.7818250134483162,0.7587219771983215,0.7796643814351654,0.7684262087024984,0.7802148151126218,4,3,3,3,5,3
D,专家D43,0.6497174261192036,0.7061513692409116,0.670580054032157,0.6924711241290413,0.6303204030905316,0.6901689664081956,13,9,13,12,35,14
D,专家D44,0.39715643357546665,0.4910551942150948,0.44417628964417943,0.514085487457625,0.6428292727553622,0.5207393024798458,53,61,56,57,34,56
D,专家D45,0.7360657028234722,0.7301494534436734,0.7305499283552513,0.7240733352793879,0.6834868406326893,0.7236122996356111,6,7,5,7,24,7
D,专家D46,0.6245523038432964,0.6484160282486908,0.6390880965902982,0.6606250867487126,0.7365980072329606,0.6629796308712769,18,25,18,20,12,20
D,专家D47,0.4040398927287222,0.4993656986624806,0.45285921391311945,0.5267837406973516,0.6759757549230563,0.5347240084844838,51,58,53,50,25,50
D,专家D48,0.36124135728869344,0.45658314447652876,0.4049651316689853,0.47321443728999063,0.5397023370878358,0.48002832076284246,63,63,64,62,52,62
D,专家D49,0.4625467154125095,0.5950451094123317,0.5220175191898707,0.6122514326930922,0.7062591174944207,0.6190233457609456,42,33,40,32,17,31
D,专家D50,0.5988542670729197,0.5182955629241012,0.5584312398888328,0.5116952881671323,0.45544119207422074,0.5108834378477174,22,54,30,59,62,60
D,专家D51,0.39342478305083883,0.5705246525204598,0.46774698986183866,0.5776566796746851,0.6271291654514541,0.5832967793011966,55,42,50,40,36,40
D,专家D52,0.36477687635850764,0.4498634440093741,0.40178203879055163,0.448381097526284,0.45521454241455556,0.44898629892602165,62,64,65,64,63,64
D,专家D53,0.4939558493913756,0.5844033365744756,0.5356118207441788,0.60146645085276,0.6849643513830693,0.6077057805480847,36,37,35,35,23,35
D,专家D54,0.5162151882564163,0.6545079435887234,0.5724213002540322,0.6459496893183302,0.607872981946863,0.6468367362531678,32,22,28,26,40,25
D,专家D55,0.5262883010573102,0.5708574474099705,0.545702258586351,0.5776158565273614,0.6039999071843575,0.5807902155195828,30,41,33,41,41,41
D,专家D56,0.5516856042693637,0.572883144003738,0.55586032115722,0.5610225547147941,0.48690466005777916,0.560129662063061,28,40,31,43,58,42
D,专家D57,0.6793770968930415,0.7424631348080545,0.7063377682403693,0.7474237170521378,0.7798452174072167,0.7497397334880542,12,6,9,6,3,6
D,专家D58,0.512243058969489,0.5291978076634373,0.5227138003493477,0.5393611805098159,0.5981001938181678,0.5414816659351943,33,49,39,47,43,47
D,专家D59,0.3892214833308531,0.550106133474079,0.4556532242308245,0.5360801504158632,0.4608354636839881,0.5361481301663267,57,44,52,48,61,48
D,专家D60,0.394241413245666,0.47530516555236796,0.43113700229941315,0.48887340087753,0.5477539032214369,0.4943823359023532,54,62,59,61,51,61
D,专家D61,0.7601991710078961,0.7024058172940951,0.7299776605347692,0.6859622991000628,0.6017960657738515,0.6815128739233045,3,11,6,15,42,17
D,专家D62,0.6320484415456283,0.659744365189783,0.6423163166751603,0.6591027342390496,0.6468735643223615,0.6604020378711419,16,21,17,21,31,22
D,专家D63,0.7077538779571008,0.7053029597562767,0.7084647071427926,0.7151374483083406,0.7584014852509569,0.7178935812709242,7,10,8,9,9,9
D,专家D64,0.4232778151698314,0.5643345036599186,0.48610435851052447,0.5803922893635802,0.6706938009630454,0.5869926974508961,48,43,45,39,26,39
D,专家D65,0.5518560243604008,0.6865094546510042,0.606256251840532,0.6816632003458081,0.6611096982917734,0.6836937767080926,27,13,23,17,28,16
D,专家D66,0.5742312357920701,0.6755848221803915,0.6190813001593721,0.68932459725944,0.7638283843772995,0.6948226404585193,23,17,20,13,6,12
D,专家D67,0.22429602564772336,0.262019493123509,0.23548882746647992,0.24114419631362777,0.09521219912085474,0.2371690156347793,68,68,68,68,69,68
D,专家D68,0.6382259197189453,0.6817642751982329,0.659273830239463,0.6929578849028177,0.7576195208950993,0.6962563997764385,14,15,15,11,10,11
D,专家D69,0.37048367515542946,0.4931656697569056,0.4255398167942912,0.5062054781592984,0.5788729778105901,0.5116622872846519,59,60,62,60,48,59
E,专家E01,0.4966064573836889,0.5363706770618921,0.5178644667207293,0.5446872246435972,0.5485328020894727,0.5556484904710458,28,28,28,27,27,28
E,专家E02,0.7338961059831841,0.7555931387381143,0.7434382756144211,0.7626141840846542,0.7653650017133297,0.7734438197348232,7,7,7,6,6,6
E,专家E03,0.6721867369414337,0.6823860330304915,0.6675532074369175,0.6915161037936038,0.6953432579435207,0.7050441197330992,12,12,12,11,11,11
E,专家E04,0.5899154217662017,0.6448167521067754,0.6258206277548507,0.6552832812784715,0.6589609640609171,0.6724786082594617,19,17,18,16,17,17
E,专家E05,0.4953346369856122,0.5531659991693677,0.5372641003012693,0.566711903828746,0.56951923607661,0.5931553159885243,29,25,26,25,25,24
E,专家E06,0.326403954548859,0.3929808275303849,0.3786693074573135,0.40757648072036107,0.40979920903751516,0.4379521984971038,35,35,35,35,35,35
E,专家E07,0.6231625863755009,0.6424245832722588,0.6238037315075967,0.65465137706041,0.6592633727554982,0.67399284182204,16,18,19,18,16,15
E,专家E08,0.2865403941819731,0.3364937479805908,0.3178943701324569,0.34957140915680973,0.3531622104018674,0.3723021191044659,36,36,36,36,36,36
E,专家E09,0.47177056961995806,0.4593562533485846,0.4626658083602901,0.4664734396139431,0.4660312923165474,0.48513844697496544,30,34,34,34,34,34
E,专家E10,0.46600079219884877,0.5299785666016391,0.49844841486113844,0.5418876178489983,0.5483179057455517,0.5550230544423868,31,29,29,29,28,29
E,专家E11,0.2626055837499834,0.32517282053103125,0.29999913886840773,0.32952274010061056,0.3343268105358831,0.3279184917068289,37,37,37,37,37,37
E,专家E12,0.4251207352162017,0.508415290067504,0.47665216242461017,0.5239235839813068,0.5300893238756174,0.5470091297254113,33,31,32,31,31,31
E,专家E13,0.5530458145693341,0.5392914662584317,0.5483365849128037,0.5427268289315484,0.540810882237784,0.5561353507501586,21,27,25,28,29,27
E,专家E14,0.5084828938948801,0.5489143112658208,0.5241678445218098,0.5577059673581511,0.5630630832139424,0.5658296310949333,26,26,27,26,26,26
E,专家E15,0.7530952374585616,0.7572746556380684,0.751866376924145,0.7592111982109623,0.7605472596026084,0.7606089508615838,6,6,6,8,8,8
E,专家E16,0.7106351387253492,0.6911127362694454,0.7001131465230519,0.6871667776578485,0.6853223862315214,0.6820967457874719,8,11,10,12,14,14
E,专家E17,0.6387481819106116,0.681862415736716,0.6635413567914463,0.6868706788773856,0.6905447076842438,0.6899593583569033,14,13,13,13,12,13
E,专家E18,0.6776393988069279,0.7049466619025262,0.6937104634919219,0.711499956144651,0.7138227725326712,0.7221705913219391,11,10,11,10,10,10
E,专家E19,0.6218414670218801,0.6322306343109776,0.6332753493531705,0.6358418514654387,0.6353441607937065,0.6462542344516663,17,19,17,19,19,19
E,专家E20,0.7068293563458439,0.7526044307317905,0.735238829832908,0.7603602778034374,0.7638213239764508,0.77129031657556,9,8,8,7,7,7
E,专家E21,0.6049671957415684,0.6753368390264471,0.6563060156029376,0.6854183868622958,0.6888125439381281,0.7032646027217861,18,14,15,14,13,12
E,专家E22,0.9015133621688964,0.8838070715220606,0.8852449728893022,0.8781167659747341,0.8781074569710832,0.8647852007248572,1,1,1,1,1,1
E,专家E23,0.772713099974418,0.8001850509852229,0.7931230213567282,0.8016144335996609,0.8027621019533325,0.8023363995401331,3,3,3,4,4,4
E,专家E24,0.6265768857032984,0.6749673854252848,0.658495025625097,0.676818741462993,0.6798600603004707,0.6736463457542415,15,15,14,15,15,16
E,专家E25,0.6593163781341986,0.6515160204617556,0.6459676636507965,0.6549361530014999,0.6566666371847967,0.6590919086509159,13,16,16,17,18,18
E,专家E26,0.5675210916930347,0.5677096220298874,0.5613499577986906,0.5754670859203431,0.5772513032260409,0.5904618710737094,20,24,22,24,24,25
E,专家E27,0.7664078093446268,0.7977814978730076,0.7830116054714551,0.8066308341189066,0.8098374857803627,0.8209928869525707,4,4,4,3,3,3
E,专家E28,0.0,0.0,0.0,0.0,0.0,0.0,38,38,38,38,38,38
E,专家E29,0.7898151151219288,0.8069755541231941,0.7974007431090135,0.8128757141203482,0.8150626449065663,0.8223674208536544,2,2,2,2,2,2
E,专家E30,0.7560071676807454,0.7870930372609883,0.7780051863348477,0.7881756491287917,0.7897608765609546,0.7868614542980178,5,5,5,5,5,5
E,专家E31,0.5372018894428316,0.5994903624966827,0.5722324821639944,0.6111712120517044,0.6166912070507928,0.6263726644471086,24,21,21,21,21,21
E,专家E32,0.6886145382853434,0.7279944261149093,0.7112265301379089,0.7349547528931812,0.7384028060218031,0.7437371482098084,10,9,9,9,9,9
E,专家E33,0.5094110627168548,0.49859072363972945,0.4885485438125061,0.5036716981848463,0.5067645492012275,0.5086560729246288,25,33,30,33,33,33
E,专家E34,0.4132567745429302,0.5157839151817681,0.47904382235053644,0.5298639247132051,0.5367946267376991,0.5480281163557577,34,30,31,30,30,30
E,专家E35,0.4991544774318153,0.5796295139817011,0.55327125429707,0.5919824588679291,0.5969408707895422,0.6109036847169056,27,22,24,22,22,22
E,专家E36,0.4322593557917282,0.501666750885905,0.4680039931725489,0.5156921428781701,0.5225338828292966,0.5330689815482279,32,32,33,32,32,32
E,专家E37,0.5405587796488616,0.5768935268497994,0.5533282265774905,0.5859963974402516,0.5911986618853265,0.5953806806871315,23,23,23,23,23,23
E,专家E38,0.5478777568552371,0.6101882570207994,0.5804626520953484,0.6243927203147583,0.630533669641248,0.6443323994721386,22,20,20,20,20,20
