题目,评委ID,阅卷量,信度,效度,公平性,区分力,评分均值,评分标准差,获奖率,公平性_raw,TOPSIS得分,排名,TOPSIS等权,排名等权,聚类,Silhouette,分层,信度_排名,效度_排名,公平性_排名,区分力_排名
A,专家A01,101,0.4343726172827681,0.5320708200682815,-0.5131593276797403,11.264959990862193,51.43564356435643,11.264959990862193,0.39603960396039606,0.5131593276797403,0.4437938492353609,9,0.5179105179573248,9,1,0.3910089504126703,合格,10,9,6,9
A,专家A02,100,0.42579295611715406,0.6778342372503291,-0.6709200089091115,21.440111940006283,50.04,21.440111940006283,0.44,0.6709200089091115,0.7871128645769252,1,0.7242105174798464,1,0,0.3910089504126703,优秀,11,5,7,2
A,专家A03,103,0.6010230571743082,0.7143724185211562,-0.4275015341792113,13.98367010134507,59.75728155339806,13.98367010134507,0.4174757281553398,0.4275015341792113,0.6194967857527661,3,0.7218294592848262,2,2,0.3910089504126703,良好,4,1,5,5
A,专家A04,100,0.48169493265951174,0.43643096820545507,-0.037827909664413774,12.344792424338289,56.31,12.344792424338289,0.32,0.037827909664413774,0.4860300396719147,6,0.5401172091086484,7,1,0.3910089504126703,合格,8,13,1,7
A,专家A05,101,0.36194909264511477,0.5045360268802227,-0.7258049678158109,9.280529226464534,49.554455445544555,9.280529226464534,0.49504950495049505,0.7258049678158109,0.3501053531229258,13,0.4200509851723368,13,1,0.3910089504126703,合格,13,10,8,12
A,专家A06,103,0.6300344030216801,0.6848374138291029,-1.2461185333710367,15.25089756440374,44.95145631067961,15.25089756440374,0.4174757281553398,1.2461185333710367,0.5741408571835153,4,0.6387998692536848,3,2,0.3910089504126703,良好,3,4,10,4
A,专家A07,100,0.6488232585745065,0.5795363988608674,-1.459845264633304,12.99453346603871,68.89,12.99453346603871,0.44,1.459845264633304,0.4498970001055994,8,0.538599981247708,8,2,0.3910089504126703,良好,2,7,13,6
A,专家A08,102,0.44946760285579673,0.5798719622047239,-0.42723254991891735,10.875801773022282,59.754901960784316,10.875801773022282,0.4411764705882353,0.42723254991891735,0.4660688724500875,7,0.5562447904617049,6,1,0.3910089504126703,合格,9,6,4,10
A,专家A09,102,0.5310162154989625,0.5481561093899495,-1.2583626968996264,12.040572830193765,44.84313725490196,12.040572830193765,0.38235294117647056,1.2583626968996264,0.407161753428183,11,0.4888114106318907,11,2,0.3910089504126703,良好,5,8,11,8
A,专家A10,101,0.12025844978711242,0.35204579940336556,-0.12925434304712705,6.803154668229941,57.118811881188115,6.803154668229941,0.44554455445544555,0.12925434304712705,0.3279072877554534,14,0.3544804589845287,14,1,0.3910089504126703,合格,14,14,2,14
A,专家A11,102,0.48310406208368656,0.48498929696352183,-0.2465934800757726,9.46794913092941,58.15686274509804,9.46794913092941,0.47058823529411764,0.2465934800757726,0.4198940257872224,10,0.5135244386767414,10,1,0.3910089504126703,合格,7,12,3,11
A,专家A12,101,0.4072613318124441,0.4982552186937132,-1.1835290430901753,23.355401032239367,66.44554455445545,23.355401032239367,0.4158415841584158,1.1835290430901753,0.6605830271929817,2,0.5624781264309194,5,0,0.3910089504126703,优秀,12,11,9,1
A,专家A13,102,0.49053637074503265,0.6918033950847816,-1.9233230056750201,8.518141077285211,72.99019607843137,8.518141077285211,0.4411764705882353,1.9233230056750201,0.3598692521440766,12,0.4547864475968204,12,2,0.3910089504126703,良好,6,2,14,13
A,专家A14,102,0.6754869642629833,0.6907378405456022,-1.3957813757987059,15.306618822490119,43.627450980392155,15.306618822490119,0.39215686274509803,1.3957813757987059,0.566387494017185,5,0.6307550462720551,4,2,0.3910089504126703,良好,1,3,12,3
B,专家B01,101,0.8333383627691151,0.5466029562982709,-0.03314778928795652,14.503940085782196,51.17821782178218,14.503940085782196,0.32673267326732675,0.03314778928795652,0.5593799791699482,20,0.6571179194122371,22,1,0.2435817243625177,良好,1,48,4,24
B,专家B02,101,0.819751936375978,0.7634771124107146,-0.467657815955607,18.23266184206985,47.18811881188119,18.23266184206985,0.44554455445544555,0.467657815955607,0.7965068780803151,3,0.8541017601669086,2,3,0.2435817243625177,优秀,2,4,24,5
B,专家B03,101,0.2694525354747984,0.3821970220902781,-0.776571888199403,10.834461243468995,58.613861386138616,10.834461243468995,0.39603960396039606,0.776571888199403,0.23796334654180548,55,0.32421837296883593,54,2,0.2435817243625177,需关注,54,55,37,45
B,专家B04,101,0.8143012368436308,0.7278284162751515,-0.019131336814806575,8.287820688665613,51.306930693069305,8.287820688665613,0.42574257425742573,0.019131336814806575,0.4043783128083916,38,0.6157875723985089,27,1,0.2435817243625177,良好,3,12,3,55
B,专家B05,101,0.64208121021134,0.680740032932377,-0.4369424628884597,13.948720628637133,55.495049504950494,13.948720628637133,0.39603960396039606,0.4369424628884597,0.5314243610281424,28,0.6548630603178552,23,1,0.2435817243625177,良好,26,26,23,28
B,专家B06,100,0.62070120426377,0.618325878490383,-0.36560950168664447,17.036267196777587,54.84,17.036267196777587,0.42,0.36560950168664447,0.6577019002371591,10,0.6774621212466161,18,3,0.2435817243625177,优秀,31,38,20,10
B,专家B07,103,0.6468752450620585,0.7929547016282915,-0.37563225965079017,13.857290770335934,54.932038834951456,13.857290770335934,0.49514563106796117,0.37563225965079017,0.5583020810178076,21,0.6979603118079845,15,1,0.2435817243625177,良好,23,1,21,29
B,专家B08,100,0.5501965452180547,0.7045987672800271,-0.6111970711671815,21.579460141532735,45.87,21.579460141532735,0.45,0.6111970711671815,0.8168033994506783,2,0.7385638937524117,9,3,0.2435817243625177,优秀,40,22,31,1
B,专家B09,102,0.6603162046740403,0.6644186549508659,-0.1134094209837547,10.339884257526975,50.44117647058823,10.339884257526975,0.43137254901960786,0.1134094209837547,0.40091350625477334,39,0.5936853906187213,30,1,0.2435817243625177,良好,18,29,10,49
B,专家B10,102,0.7656672147451921,0.685197291733903,-0.9824506152730124,16.332736024668943,42.46078431372549,16.332736024668943,0.5196078431372549,0.9824506152730124,0.661097059948395,9,0.7180651318969044,12,3,0.2435817243625177,优秀,5,25,40,11
B,专家B11,101,0.582382020075766,0.5412997030404602,-1.0698392014837723,11.965083338290054,61.306930693069305,11.965083338290054,0.39603960396039606,1.0698392014837723,0.3713700284249025,45,0.47638315348871935,47,0,0.2435817243625177,合格,35,49,43,37
B,专家B12,100,0.6808404191887845,0.7049007130661982,-0.8001087464677769,15.763917660277219,58.83,15.763917660277219,0.41,0.8001087464677769,0.6265587830815531,13,0.7015614856208683,14,3,0.2435817243625177,优秀,13,21,38,15
B,专家B13,101,0.47102235553995214,0.6267501445787632,-0.3533698188668454,11.017671237698536,48.23762376237624,11.017671237698536,0.33663366336633666,0.3533698188668454,0.36188115602202686,47,0.514075057065386,42,1,0.2435817243625177,良好,49,36,18,44
B,专家B14,100,0.7018035635670864,0.7145802084721745,-0.05743083934814603,14.81519152761786,52.01,14.81519152761786,0.43,0.05743083934814603,0.5991946803223107,15,0.7273741726142907,10,1,0.2435817243625177,良好,11,18,5,22
B,专家B15,102,0.5668511479105645,0.6079918972335911,-0.06808566873267563,11.277173598360138,52.1078431372549,11.277173598360138,0.38235294117647056,0.06808566873267563,0.3937434340677279,42,0.5578615163142315,37,1,0.2435817243625177,良好,39,41,6,42
B,专家B16,102,0.5793456992160471,0.596605855997116,-1.7164881306277797,9.15277336573489,67.24509803921569,9.15277336573489,0.4117647058823529,1.7164881306277797,0.2819621521209783,53,0.4159938901710739,51,0,0.2435817243625177,合格,37,43,50,54
B,专家B17,102,0.6600413632548136,0.7374774178562521,-0.5607414362260135,13.190410460049192,46.333333333333336,13.190410460049192,0.4411764705882353,0.5607414362260135,0.5149189537193218,29,0.6622251878278054,20,1,0.2435817243625177,良好,19,8,28,34
B,专家B18,102,0.5110808153379769,0.647780816669808,-0.39691206657185396,13.214424359371764,55.127450980392155,13.214424359371764,0.4215686274509804,0.39691206657185396,0.46142272169055326,33,0.5739353254289287,34,1,0.2435817243625177,良好,47,34,22,33
B,专家B19,100,0.5314701565894151,0.5272041926409566,-1.020649993567447,10.569668868985442,42.11,10.569668868985442,0.39,1.020649993567447,0.30292136756735016,51,0.43115647036015076,50,2,0.2435817243625177,需关注,44,51,41,47
B,专家B20,102,0.7274469245382316,0.5998565166584868,-0.14970843892704014,19.36284437800311,50.1078431372549,19.36284437800311,0.3333333333333333,0.14970843892704014,0.7779979512309673,5,0.7501426080393914,7,3,0.2435817243625177,优秀,8,42,13,3
B,专家B21,100,0.6432278619683388,0.5792012407165273,-0.4772536949564558,13.835823069120247,47.1,13.835823069120247,0.44,0.4772536949564558,0.4946795304702402,30,0.5942025375556707,29,1,0.2435817243625177,良好,25,45,26,30
B,专家B22,101,0.5384719043090974,0.7187725816271584,-1.3280523600766625,9.472562393057315,39.28712871287129,9.472562393057315,0.32673267326732675,1.3280523600766625,0.33966734190966813,49,0.49692009538244875,43,0,0.2435817243625177,合格,41,17,49,53
B,专家B23,101,0.6627475430631714,0.7905599794293827,-0.7070156966509387,10.656188690894114,44.99009900990099,10.656188690894114,0.42574257425742573,0.7070156966509387,0.43581413475570036,35,0.6183285828545008,26,1,0.2435817243625177,良好,17,2,33,46
B,专家B24,99,0.5729043397437314,0.593116329222879,-0.6080401565763563,13.970745010607455,45.898989898989896,13.970745010607455,0.36363636363636365,0.6080401565763563,0.4864789493132372,32,0.5703419424117095,35,1,0.2435817243625177,良好,38,44,30,26
B,专家B25,101,0.6505949198864822,0.6531715785232651,-1.1684804396131088,11.324560132295707,40.75247524752475,11.324560132295707,0.39603960396039606,1.1684804396131088,0.3994999004698571,40,0.5451653923783747,38,0,0.2435817243625177,合格,21,32,45,41
B,专家B26,101,0.6554969339626517,0.6536923348976552,-2.377682036093848,15.500195267418574,73.31683168316832,15.500195267418574,0.3564356435643564,2.377682036093848,0.5546058435609946,22,0.5323644766583363,41,0,0.2435817243625177,合格,20,31,53,18
B,专家B27,101,0.5289852782078136,0.7082422624310547,-0.28436574515287594,11.896969716793834,48.87128712871287,11.896969716793834,0.38613861386138615,0.28436574515287594,0.4345567681948781,36,0.5900734852444179,32,1,0.2435817243625177,良好,45,19,16,38
B,专家B28,102,0.6491395222851689,0.7361055975699764,-0.11874751185776714,14.331616538368763,50.3921568627451,14.331616538368763,0.43137254901960786,0.11874751185776714,0.5711154633598877,19,0.703544111808962,13,1,0.2435817243625177,良好,22,9,11,25
B,专家B29,13,0.6389998794792409,0.6396021490668314,-2.196989475823366,15.513689316633156,31.307692307692307,15.513689316633156,0.23076923076923078,2.196989475823366,0.5521159251163354,23,0.5327991389087732,40,0,0.2435817243625177,合格,28,35,52,17
B,专家B30,102,0.4854199004589108,0.5738399697641127,-0.708072744348763,12.272223053291624,44.98039215686274,12.272223053291624,0.47058823529411764,0.708072744348763,0.38220181869823994,43,0.48855487793544633,44,2,0.2435817243625177,需关注,48,46,34,35
B,专家B31,101,0.5977831778920881,0.6571616192949827,-0.3619953280810915,11.678644870244733,48.15841584158416,11.678644870244733,0.43564356435643564,0.3619953280810915,0.4221242264935737,37,0.5842143488623697,33,1,0.2435817243625177,良好,33,30,19,39
B,专家B32,100,0.531608606091662,0.7203722588826674,-0.26433524162487587,9.791930351059488,53.91,9.791930351059488,0.45,0.26433524162487587,0.37439801976469217,44,0.5600853607755102,36,1,0.2435817243625177,良好,43,16,15,52
B,专家B33,100,0.6372031039736433,0.757053977872101,-1.21775366099949,15.069505632236249,40.3,15.069505632236249,0.44,1.21775366099949,0.5875740240236439,17,0.6598829806361699,21,3,0.2435817243625177,优秀,29,5,47,20
B,专家B34,101,0.6407966549848385,0.6731079305945589,-1.3269741714248815,14.668984289589606,39.2970297029703,14.668984289589606,0.44554455445544555,1.3269741714248815,0.5436078867023896,24,0.6063686276975078,28,0,0.2435817243625177,合格,27,27,48,23
B,专家B35,101,0.4511353497871616,0.699861152380281,-0.6132132839460109,14.819298455231442,45.851485148514854,14.819298455231442,0.40594059405940597,0.6132132839460109,0.5318339109560661,27,0.5905756790597922,31,1,0.2435817243625177,良好,50,23,32,21
B,专家B36,100,0.5368982207869274,0.6156580118504421,-1.1458816054717833,11.102179966114763,40.96,11.102179966114763,0.31,1.1458816054717833,0.3502173785294453,48,0.4798775072212394,45,0,0.2435817243625177,合格,42,39,44,43
B,专家B37,102,0.580668138041028,0.5248457196084546,-2.451009434891918,10.292292088361148,73.99019607843137,10.292292088361148,0.5,2.451009434891918,0.2668311126854157,54,0.34030605527713637,53,0,0.2435817243625177,合格,36,52,54,51
B,专家B38,101,0.4135651787112157,0.6863171003627495,-0.08006201914902485,11.397067505749654,52.21782178217822,11.397067505749654,0.43564356435643564,0.08006201914902485,0.3937625940858497,41,0.5418383914968529,39,1,0.2435817243625177,良好,51,24,8,40
B,专家B39,101,0.6726627811575675,0.7076715672681134,-0.00782337947971302,17.749899036123256,51.554455445544555,17.749899036123256,0.5148514851485149,0.00782337947971302,0.7391941234134153,6,0.784125389029811,3,3,0.2435817243625177,优秀,14,20,2,6
B,专家B40,101,0.6432954213297075,0.7288281228951625,-0.5668511719194385,18.78334991152104,46.277227722772274,18.78334991152104,0.38613861386138615,0.5668511719194385,0.7801504221977018,4,0.7758362715294421,4,3,0.2435817243625177,优秀,24,10,29,4
B,专家B41,102,0.7285271731753095,0.7277094090177536,-0.006647603503501472,15.837679243308273,51.42156862745098,15.837679243308273,0.4019607843137255,0.006647603503501472,0.6574027337162544,11,0.7690079403688852,5,3,0.2435817243625177,优秀,7,13,1,14
B,专家B42,100,0.39062590174441725,0.4540416020145736,-0.7288058893034278,17.19144845555487,44.79,17.19144845555487,0.42,0.7288058893034278,0.5433434543733308,25,0.4720815403310586,48,2,0.2435817243625177,需关注,53,53,35,9
B,专家B43,100,0.7129343497200935,0.7278298839493115,-0.4766844965930991,13.565411899385879,55.86,13.565411899385879,0.44,0.4766844965930991,0.54022059197021,26,0.6887353217736746,16,1,0.2435817243625177,良好,9,11,25,31
B,专家B44,100,0.599956919262397,0.6652299961276089,-3.152285109192708,13.473125101475159,80.43,13.473125101475159,0.54,3.152285109192708,0.437372761892534,34,0.4379159213404805,49,0,0.2435817243625177,合格,32,28,55,32
B,专家B45,100,0.755576687165339,0.7254630396866569,-0.9139308808141857,17.45857668883692,43.09,17.45857668883692,0.4,0.9139308808141857,0.7298107194857841,7,0.7671952602723784,6,3,0.2435817243625177,优秀,6,14,39,7
B,专家B46,102,0.5237642915633275,0.6484873254168437,-0.3194597287206425,15.555484154282224,48.549019607843135,15.555484154282224,0.4019607843137255,0.3194597287206425,0.5740289705482992,18,0.627143037009963,25,1,0.2435817243625177,良好,46,33,17,16
B,专家B47,100,0.6310689546851265,0.6248739922555739,-1.0396822648934645,16.288311760277676,61.03,16.288311760277676,0.44,1.0396822648934645,0.6125684846992763,14,0.6289734109013231,24,3,0.2435817243625177,优秀,30,37,42,12
B,专家B48,101,0.784506229435855,0.6126207279248795,-0.7382831675525809,15.215641089076495,44.7029702970297,15.215641089076495,0.36633663366336633,0.7382831675525809,0.5919432636462144,16,0.6713268271742663,19,3,0.2435817243625177,优秀,4,40,36,19
B,专家B49,101,0.40680070880386887,0.4065515958607767,-0.1436751496040905,10.56898114367934,52.801980198019805,10.56898114367934,0.39603960396039606,0.1436751496040905,0.28286372661855513,52,0.41053365525394886,52,2,0.2435817243625177,需关注,52,54,12,48
B,专家B50,101,0.7055995696252971,0.7665267836026769,-0.0983912262292975,12.035401820084164,52.386138613861384,12.035401820084164,0.5148514851485149,0.0983912262292975,0.49449372575594563,31,0.6775137178269558,17,1,0.2435817243625177,良好,10,3,9,36
B,专家B51,100,0.6678935249198482,0.5481407190624857,-1.170927927852651,10.292574993654405,40.73,10.292574993654405,0.49,1.170927927852651,0.3360047692477075,50,0.4794239194742676,46,0,0.2435817243625177,合格,16,47,46,50
B,专家B52,100,0.66986899107558,0.7407437760067395,-0.2490896540886965,15.970507192947881,53.77,15.970507192947881,0.42,0.2490896540886965,0.6531674335300572,12,0.7485713388639063,8,3,0.2435817243625177,优秀,15,7,14,13
B,专家B53,101,0.5871190455201482,0.7227555689722028,-0.48761732952215653,17.283266555065616,55.960396039603964,17.283266555065616,0.5148514851485149,0.48761732952215653,0.6916041172814315,8,0.7194361291876251,11,3,0.2435817243625177,优秀,34,15,27,8
B,专家B54,102,0.24851235813819472,0.537782410010642,-2.0720049828370217,13.952120576779869,70.50980392156863,13.952120576779869,0.43137254901960786,2.0720049828370217,0.36688420106394304,46,0.3123947058004375,55,2,0.2435817243625177,需关注,55,50,51,27
B,专家B55,101,0.6872987693327808,0.753728506606099,-0.07574926454190138,21.281887450541227,52.17821782178218,21.281887450541227,0.4752475247524752,0.07574926454190138,0.9031659792524633,1,0.8708284108907454,1,3,0.2435817243625177,优秀,12,6,7,2
C,专家C01,101,0.43567466421125667,0.7291265740184654,-1.8877357791816296,22.228968630325678,37.43564356435643,22.228968630325678,0.39603960396039606,1.8877357791816296,0.659285698080092,1,0.5947380221241294,5,1,0.37476158405631654,优秀,10,1,18,1
C,专家C02,102,0.43441107906601395,0.5352769143356405,-0.43245337458220384,9.939938817647596,53.96078431372549,9.939938817647596,0.4117647058823529,0.43245337458220384,0.4113686592700728,14,0.471887782636142,14,0,0.37476158405631654,良好,12,15,10,13
C,专家C03,101,0.382402943975693,0.5347607325823842,-0.2903632667988623,14.563854983256869,55.57425742574257,14.563854983256869,0.43564356435643564,0.2903632667988623,0.5152875747111354,8,0.502123782350902,11,0,0.37476158405631654,良好,16,16,7,5
C,专家C04,101,0.4821624444703512,0.5441706483178711,-0.12467456938792662,9.2322472229362,60.28712871287129,9.2322472229362,0.39603960396039606,0.12467456938792662,0.4528041366197119,11,0.536707774826772,8,0,0.37476158405631654,良好,4,14,5,14
C,专家C05,102,0.4965717319969326,0.601423459584703,-1.2951698279879522,11.097991581689502,73.57843137254902,11.097991581689502,0.37254901960784315,1.2951698279879522,0.43808489414743057,12,0.5008798753338497,12,1,0.37476158405631654,优秀,2,6,15,11
C,专家C06,100,0.48536579766936644,0.6358442481264488,-0.5514098587651705,14.219630796894833,52.61,14.219630796894833,0.44,0.5514098587651705,0.6038919681558335,5,0.6547406080659256,2,0,0.37476158405631654,良好,3,3,13,7
C,专家C07,102,0.41978079198586804,0.561366008343727,-0.7372264832814868,14.527020125458979,50.5,14.527020125458979,0.4411764705882353,0.7372264832814868,0.5145051318603486,9,0.5085819987172144,10,0,0.37476158405631654,良好,14,10,14,6
C,专家C08,101,0.4635391045030061,0.5515417972253405,-0.3888911564818602,14.166984874879141,54.45544554455446,14.166984874879141,0.45544554455445546,0.3888911564818602,0.5511290617017087,6,0.5731633594291193,6,0,0.37476158405631654,良好,7,12,8,8
C,专家C09,103,0.3324790399181167,0.4565032441144515,-0.5196295986387661,13.556395195361043,52.970873786407765,13.556395195361043,0.33980582524271846,0.5196295986387661,0.40906880138300367,15,0.3798221867387739,18,0,0.37476158405631654,良好,17,19,11,9
C,专家C10,101,0.47173385825683095,0.5635965505002063,-0.40109815166382473,17.001997956599805,54.31683168316832,17.001997956599805,0.36633663366336633,0.40109815166382473,0.6438838261428055,3,0.6310465741906733,3,0,0.37476158405631654,良好,6,8,9,3
C,专家C11,102,0.31276222882236165,0.4536349175010645,-1.4661190504311756,6.125693865710975,75.51960784313725,6.125693865710975,0.39215686274509803,1.4661190504311756,0.11251825328186484,20,0.131609880280737,20,2,0.37476158405631654,合格,19,20,16,20
C,专家C12,102,0.3001094991028307,0.5806417885029832,-1.968606158824894,6.731411387629768,81.22549019607843,6.731411387629768,0.4215686274509804,1.968606158824894,0.17612455689146075,19,0.20668174066974254,19,2,0.37476158405631654,合格,20,7,19,18
C,专家C13,100,0.45933127099190585,0.6066709416097291,-1.6026539496088088,6.505774358214401,77.07,6.505774358214401,0.43,1.6026539496088088,0.30595432583514726,18,0.38903306761253736,17,2,0.37476158405631654,合格,8,5,17,19
C,专家C14,100,0.38373860027484225,0.5627755255822029,-0.5247413979122634,7.600072368076505,64.83,7.600072368076505,0.39,0.5247413979122634,0.34369097012957583,16,0.41191745823807246,15,0,0.37476158405631654,良好,15,9,12,16
C,专家C15,102,0.4439065545755685,0.5568464654649892,-0.11406610928931456,7.73340517208012,60.166666666666664,7.73340517208012,0.47058823529411764,0.11406610928931456,0.4130932371654286,13,0.5006091302450052,13,0,0.37476158405631654,良好,9,11,4,15
C,专家C16,102,0.4237023723263086,0.5495090634947715,-0.00162679882882672,10.209950028515081,58.85294117647059,10.209950028515081,0.4803921568627451,0.00162679882882672,0.4578209508820233,10,0.5195241089302366,9,0,0.37476158405631654,良好,13,13,1,12
C,专家C17,103,0.5461306607840711,0.7057087469058345,-2.023570345540714,13.417791855548359,35.89320388349515,13.417791855548359,0.44660194174757284,2.023570345540714,0.5211964820879829,7,0.555597080866344,7,1,0.37476158405631654,优秀,1,2,20,10
C,专家C18,102,0.47983763926525624,0.6086471295454348,-0.0018267208164909209,14.564869676082806,58.8921568627451,14.564869676082806,0.4019607843137255,0.0018267208164909209,0.6306594294169009,4,0.6754886670145981,1,0,0.37476158405631654,良好,5,4,2,4
C,专家C19,22,0.43567466421125667,0.5179784615547748,-0.23548872045536964,19.24655169286477,61.54545454545455,19.24655169286477,0.3181818181818182,0.23548872045536964,0.6506069415153303,2,0.5948839921067568,4,0,0.37476158405631654,良好,10,17,6,2
C,专家C20,103,0.33073643313534773,0.5136355673964575,-0.11221361452811254,6.858355781033014,60.14563106796116,6.858355781033014,0.39805825242718446,0.11221361452811254,0.3392531558168505,17,0.39270799394225003,16,0,0.37476158405631654,良好,18,18,3,17
D,专家D01,99,0.8611136263765452,0.7288830557770016,-0.5157576836446848,15.629066759819004,49.707070707070706,15.629066759819004,0.4444444444444444,0.5157576836446848,0.5537722662958502,25,0.6921373429210955,13,1,0.2501726331628677,优秀,7,29,27,34
D,专家D02,99,0.5474268583800589,0.7118227895373923,-0.07911736017568424,10.119074755669384,52.62626262626262,10.119074755669384,0.40404040404040403,0.07911736017568424,0.3484332214514911,65,0.535181090212831,49,0,0.2501726331628677,合格,55,41,6,69
D,专家D03,100,0.6303776489675513,0.714697076908591,-1.78073038545929,17.365123091991027,41.25,17.365123091991027,0.44,1.78073038545929,0.5475281699757025,29,0.5454518190761053,46,3,0.2501726331628677,良好,45,37,66,24
D,专家D04,99,0.6865501072438075,0.8173899652663299,-0.39035579143732424,19.531002408899003,50.54545454545455,19.531002408899003,0.5050505050505051,0.39035579143732424,0.7371687259183493,5,0.7794744472604821,4,1,0.2501726331628677,优秀,42,1,18,8
D,专家D05,97,0.3355606894222187,0.7328248730298341,-0.1510327279197022,21.03344436126366,54.16494845360825,21.03344436126366,0.32989690721649484,0.1510327279197022,0.702192853183831,9,0.6467309941010226,26,1,0.2501726331628677,优秀,66,28,12,3
D,专家D06,100,0.6736548429342095,0.7124746606904312,-0.6723119300572142,17.385841941073778,57.65,17.385841941073778,0.44,0.6723119300572142,0.6007185566992003,21,0.666995686015708,19,1,0.2501726331628677,优秀,43,40,33,23
D,专家D07,99,0.5247921157991992,0.7351617531000424,-0.8511699736450936,12.100015135905993,47.464646464646464,12.100015135905993,0.42424242424242425,0.8511699736450936,0.3592252093821021,64,0.5176504713881328,58,0,0.2501726331628677,合格,57,25,37,63
D,专家D08,99,0.3909309274903913,0.7587625545321264,-0.4220839810319574,12.182948839433022,50.333333333333336,12.182948839433022,0.46464646464646464,0.4220839810319574,0.3703797672762659,60,0.5269233993753727,52,0,0.2501726331628677,合格,64,13,21,62
D,专家D09,99,0.9210003552023996,0.6695287850195853,-1.082738725456363,19.283016121545966,60.39393939393939,19.283016121545966,0.45454545454545453,1.082738725456363,0.6981260873948961,10,0.6973540865911092,10,1,0.2501726331628677,优秀,2,53,45,12
D,专家D10,100,0.7528326279482529,0.6718889522310431,-0.8533607295932939,12.732929749276089,47.45,12.732929749276089,0.38,0.8533607295932939,0.3992881605551117,52,0.5563472609082608,44,0,0.2501726331628677,合格,22,51,38,55
D,专家D11,100,0.548370834293889,0.7624291865469408,-1.6805146323253837,15.898226316164957,41.92,15.898226316164957,0.43,1.6805146323253837,0.4830923195420688,39,0.5307655252925101,51,3,0.2501726331628677,良好,54,12,64,31
D,专家D12,99,0.8718599719226979,0.7574794969665976,-1.0011519522130212,14.688251084677784,59.84848484848485,14.688251084677784,0.48484848484848486,1.0011519522130212,0.5057887119492898,34,0.6461434686421311,27,3,0.2501726331628677,良好,5,15,43,40
D,专家D13,100,0.8642715188053719,0.638226018539556,-1.2602067721667638,19.46373807879668,44.73,19.46373807879668,0.38,1.2602067721667638,0.6828670764819325,11,0.6525779611407747,23,1,0.2501726331628677,优秀,6,58,54,9
D,专家D14,99,0.6656534029836407,0.5747817595405598,-0.490479186356542,13.230788715094311,56.43434343434343,13.230788715094311,0.47474747474747475,0.490479186356542,0.3915464766365848,56,0.5213653376998667,54,0,0.2501726331628677,合格,44,62,26,49
D,专家D15,99,0.4374491590611253,0.406696642137138,-0.017171847157590004,15.377353932915947,53.04040404040404,15.377353932915947,0.40404040404040403,0.017171847157590004,0.4255517303039564,47,0.4588821587788247,63,2,0.2501726331628677,需关注,62,69,2,35
D,专家D16,99,0.7137184591344655,0.72575606362141,-0.13089303761736526,12.500064278989916,54.03030303030303,12.500064278989916,0.42424242424242425,0.13089303761736526,0.4283844088260558,46,0.6136501611776218,33,0,0.2501726331628677,合格,26,31,11,59
D,专家D17,98,0.4634042631305608,0.4813390497299347,-2.5507402461972672,11.44863399383807,36.10204081632653,11.44863399383807,0.47959183673469385,2.5507402461972672,0.1700278388046595,69,0.20857225072811655,69,2,0.2501726331628677,需关注,60,67,69,65
D,专家D18,98,0.8534552058832287,0.6107287723977116,-0.08515079343501462,14.212512891775171,53.724489795918366,14.212512891775171,0.4387755102040816,0.08515079343501462,0.4831712618736668,38,0.6246035162424186,30,0,0.2501726331628677,合格,9,61,8,43
D,专家D19,98,0.7921994027667745,0.7464252726191521,-0.2606733583207779,14.703525743999515,54.89795918367347,14.703525743999515,0.45918367346938777,0.2606733583207779,0.5173776715996304,31,0.6791123614785273,18,0,0.2501726331628677,合格,20,20,15,39
D,专家D20,99,0.5821894185003792,0.6999661885786855,-1.6296722794209946,11.379916508697415,64.05050505050505,11.379916508697415,0.46464646464646464,1.6296722794209946,0.3056919956184058,66,0.44126698574501616,65,3,0.2501726331628677,良好,50,45,62,66
D,专家D21,99,0.8384367735758813,0.7417005959355867,-0.884815257032699,14.004510474895763,59.07070707070707,14.004510474895763,0.48484848484848486,0.884815257032699,0.47473551205514275,40,0.6290258495659837,29,3,0.2501726331628677,良好,12,21,39,44
D,专家D22,99,0.697897139744041,0.7702842344563082,-1.6402483426192058,14.252607578025378,64.12121212121212,14.252607578025378,0.43434343434343436,1.6402483426192058,0.4424339698962073,44,0.5495795578482087,45,3,0.2501726331628677,良好,35,10,63,42
D,专家D23,100,0.2720860002462322,0.49487562484560205,-0.07855833969234932,11.089323694436915,52.63,11.089323694436915,0.38,0.07855833969234932,0.2816811675919151,67,0.40500073080501275,67,2,0.2501726331628677,需关注,67,65,5,68
D,专家D24,99,0.697897139744041,0.6968996896274366,-0.4810077617077055,19.379161036045225,49.93939393939394,19.379161036045225,0.40404040404040403,0.4810077617077055,0.7063265798819597,8,0.7233746403000691,8,1,0.2501726331628677,优秀,35,46,24,11
D,专家D25,99,0.7885577248151107,0.7026555029634957,-0.8470436027533736,17.81462549543772,58.81818181818182,17.81462549543772,0.42424242424242425,0.8470436027533736,0.6305532042155345,17,0.6871866004367415,15,1,0.2501726331628677,优秀,21,44,36,19
D,专家D26,98,0.9046851996189487,0.7966077083327449,-0.5567722938671948,20.471615643708326,56.87755102040816,20.471615643708326,0.4387755102040816,0.5567722938671948,0.8091963801137384,2,0.8450724016969909,2,1,0.2501726331628677,优秀,4,3,28,4
D,专家D27,100,0.45470282746682045,0.7146326793159689,-0.6573543549626012,13.039459344620084,57.55,13.039459344620084,0.36,0.6573543549626012,0.3800241421373476,58,0.5196616218624192,57,0,0.2501726331628677,合格,61,38,31,51
D,专家D28,99,0.8555399648655355,0.7542593384060585,-0.40738154694202605,23.45865597055602,55.878787878787875,23.45865597055602,0.37373737373737376,0.40738154694202605,0.9196760751027581,1,0.8794920801825994,1,1,0.2501726331628677,优秀,8,17,20,1
D,专家D29,99,0.697897139744041,0.7543711897219301,-1.089886828690429,14.527331582990415,45.86868686868687,14.527331582990415,0.40404040404040403,1.089886828690429,0.46871523454631553,41,0.5962214271254532,37,3,0.2501726331628677,良好,35,16,46,41
D,专家D30,98,0.7238872140450435,0.48770185216012013,-0.09430849247253273,15.8218719705685,53.785714285714285,15.8218719705685,0.42857142857142855,0.09430849247253273,0.49948605255133793,35,0.5583342095102535,43,2,0.2501726331628677,需关注,25,66,9,32
D,专家D31,99,0.4133575355391613,0.6543765247911179,-0.42812744571664957,14.708791108166823,50.292929292929294,14.708791108166823,0.43434343434343436,0.42812744571664957,0.4304145320112173,45,0.5237685629346455,53,0,0.2501726331628677,合格,63,54,22,38
D,专家D32,99,0.7425780420471437,0.7833065019912769,-1.8230631493311393,18.065068483578916,65.34343434343434,18.065068483578916,0.3838383838383838,1.8230631493311393,0.6090674872708345,19,0.6110383665358157,34,3,0.2501726331628677,良好,24,6,67,16
D,专家D33,100,0.697897139744041,0.723796535279992,-0.3193752987156158,12.246615859085317,51.02,12.246615859085317,0.44,0.3193752987156158,0.4105589051121104,50,0.594479055103138,38,0,0.2501726331628677,合格,35,32,16,61
D,专家D34,100,0.6170889220069548,0.7060033933545555,-0.4854043822658192,16.789934484684565,49.91,16.789934484684565,0.45,0.4854043822658192,0.5674900617526561,24,0.6477157547696404,24,1,0.2501726331628677,优秀,47,42,25,26
D,专家D35,100,0.480329088548119,0.5061766866576222,-1.2841388923181438,17.49528793704179,44.57,17.49528793704179,0.48,1.2841388923181438,0.493342509592872,37,0.4308850357676021,66,2,0.2501726331628677,需关注,59,64,55,22
D,专家D36,99,0.697897139744041,0.7710092735322247,-0.16413209338317142,13.27817639476801,54.25252525252525,13.27817639476801,0.43434343434343436,0.16413209338317142,0.4602028157543826,43,0.6402334605263684,28,0,0.2501726331628677,合格,35,9,14,48
D,专家D37,100,0.7099460750826116,0.7537917380787511,-1.5548710015306364,17.977830792395395,42.76,17.977830792395395,0.44,1.5548710015306364,0.6075341764551606,20,0.6188841364591854,32,3,0.2501726331628677,良好,27,18,61,17
D,专家D38,100,0.9419267956504249,0.7163739777436227,-0.08447922883892998,17.051146589012717,53.72,17.051146589012717,0.41,0.08447922883892998,0.6362829745486009,15,0.7551278933479417,5,1,0.2501726331628677,优秀,1,35,7,25
D,专家D39,99,0.8487261146496815,0.6503123268695145,-0.00659578395937861,11.74810441523613,53.111111111111114,11.74810441523613,0.42424242424242425,0.00659578395937861,0.4161675379239421,49,0.6003746049766059,36,0,0.2501726331628677,合格,10,55,1,64
D,专家D40,99,0.697897139744041,0.7652577417972029,-0.7730111603658961,16.151947865663658,58.323232323232325,16.151947865663658,0.43434343434343436,0.7730111603658961,0.5536340543487752,26,0.662248066350268,21,1,0.2501726331628677,优秀,35,11,35,29
D,专家D41,100,0.697897139744041,0.6895461781242997,-1.1435376864287836,12.337337638242701,45.51,12.337337638242701,0.33,1.1435376864287836,0.36979240810849673,61,0.5208638933846732,55,3,0.2501726331628677,良好,35,48,49,60
D,专家D42,99,0.749117387466902,0.7405049505963939,-0.3767579958967678,19.674859385199287,50.63636363636363,19.674859385199287,0.46464646464646464,0.3767579958967678,0.7441982079072524,4,0.7802148151126218,3,1,0.2501726331628677,优秀,23,22,17,7
D,专家D43,99,0.697897139744041,0.6442850763778615,-0.12142161296852769,18.32322675486869,52.343434343434346,18.32322675486869,0.40404040404040403,0.12142161296852769,0.6497174261192036,13,0.6901689664081956,14,1,0.2501726331628677,优秀,35,56,10,14
D,专家D44,98,0.8080526623069951,0.7146157136147703,-1.75643086778206,12.979174682039897,64.89795918367346,12.979174682039897,0.4387755102040816,1.75643086778206,0.39715643357546665,53,0.5207393024798458,56,3,0.2501726331628677,良好,18,39,65,53
D,专家D45,100,0.5966944919194191,0.7340364979741048,-0.4569228486947898,20.25107157658577,56.21,20.25107157658577,0.5,0.4569228486947898,0.7360657028234722,6,0.7236122996356111,7,1,0.2501726331628677,优秀,48,27,23,5
D,专家D46,98,0.9132310642377757,0.6815434912176809,-1.2045584876821123,17.784704386657175,45.10204081632653,17.784704386657175,0.3979591836734694,1.2045584876821123,0.6245523038432964,18,0.6629796308712769,20,1,0.2501726331628677,优秀,3,49,51,20
D,专家D47,98,0.8195715183331556,0.7768496813691127,-1.8913859154959667,12.68877448446202,40.51020408163265,12.68877448446202,0.42857142857142855,1.8913859154959667,0.4040398927287222,51,0.5347240084844838,50,3,0.2501726331628677,良好,16,7,68,56
D,专家D48,99,0.49037693638934615,0.752857550602466,-1.4891617255019045,12.995639430977512,63.111111111111114,12.995639430977512,0.4444444444444444,1.4891617255019045,0.36124135728869344,63,0.48002832076284246,62,3,0.2501726331628677,良好,58,19,60,52
D,专家D49,99,0.8443490910434345,0.7922422517367819,-1.1310864429338998,13.537855942355412,60.717171717171716,13.537855942355412,0.47474747474747475,1.1310864429338998,0.4625467154125095,42,0.6190233457609456,31,3,0.2501726331628677,良好,11,4,48,47
D,专家D50,100,0.15294921344949883,0.7026611115020307,-1.055225852479303,20.138666788047313,60.21,20.138666788047313,0.46,1.055225852479303,0.5988542670729197,22,0.5108834378477174,60,1,0.2501726331628677,优秀,69,43,44,6
D,专家D51,100,0.8053808133003819,0.7376833894865457,-0.6693825559295565,11.318904540634664,48.68,11.318904540634664,0.39,0.6693825559295565,0.39342478305083883,55,0.5832967793011966,40,0,0.2501726331628677,合格,19,23,32,67
D,专家D52,99,0.6245070235582565,0.5679646249312178,-1.218716680861935,13.707223300699647,61.303030303030305,13.707223300699647,0.42424242424242425,1.218716680861935,0.36477687635850764,62,0.44898629892602165,64,2,0.2501726331628677,需关注,46,63,52,46
D,专家D53,99,0.697897139744041,0.789120156452467,-1.2308036102313182,15.050559284018616,61.38383838383838,15.050559284018616,0.5151515151515151,1.2308036102313182,0.4939558493913756,36,0.6077057805480847,35,3,0.2501726331628677,良好,35,5,53,37
D,专家D54,100,0.697897139744041,0.6732122071537049,-0.04858104861185889,15.228578397210951,53.48,15.228578397210951,0.4,0.04858104861185889,0.5162151882564163,32,0.6468367362531678,25,0,0.2501726331628677,合格,35,50,3,36
D,专家D55,98,0.5754401443071087,0.7158069509535474,-1.1001291034265994,16.506179979309906,60.51020408163265,16.506179979309906,0.45918367346938777,1.1001291034265994,0.5262883010573102,30,0.5807902155195828,41,3,0.2501726331628677,良好,51,36,47,27
D,专家D56,99,0.3871447794071155,0.6709948128496745,-0.5928118583745084,17.58768897232975,49.19191919191919,17.58768897232975,0.37373737373737376,0.5928118583745084,0.5516856042693637,28,0.560129662063061,42,1,0.2501726331628677,优秀,65,52,29,21
D,专家D57,100,0.8383619007756639,0.7373274940030733,-0.6304928606835635,18.34765380096322,48.94,18.34765380096322,0.37,0.6304928606835635,0.6793770968930415,12,0.7497397334880542,6,1,0.2501726331628677,优秀,13,24,30,13
D,专家D58,100,0.697897139744041,0.6407700117967854,-1.444122804939237,16.478892559877927,62.81,16.478892559877927,0.41,1.444122804939237,0.512243058969489,33,0.5414816659351943,47,3,0.2501726331628677,良好,35,57,59,28
D,专家D59,98,0.5659963436928701,0.6183512431122,-0.16363336375089244,12.877615705390761,52.06122448979592,12.877615705390761,0.40816326530612246,0.16363336375089244,0.3892214833308531,57,0.5361481301663267,48,0,0.2501726331628677,合格,53,60,13,54
D,专家D60,99,0.5381667198977964,0.7170593068710756,-1.4192556540061467,13.93781282205448,43.666666666666664,13.93781282205448,0.45454545454545453,1.4192556540061467,0.394241413245666,54,0.4943823359023532,61,3,0.2501726331628677,良好,56,34,58,45
D,专家D61,97,0.5663928142688461,0.6377298161976049,-0.39484166213111677,21.870336452312703,50.51546391752577,21.870336452312703,0.422680412371134,0.39484166213111677,0.7601991710078961,3,0.6815128739233045,17,1,0.2501726331628677,优秀,52,59,19,2
D,专家D62,100,0.5873158063126382,0.727704678765386,-0.7201761703599753,18.29833598991996,57.97,18.29833598991996,0.44,0.7201761703599753,0.6320484415456283,16,0.6604020378711419,22,1,0.2501726331628677,优秀,49,30,34,15
D,专家D63,99,0.697897139744041,0.7737275415905498,-0.9452499038796192,19.439283061531153,59.474747474747474,19.439283061531153,0.3939393939393939,0.9452499038796192,0.7077538779571008,7,0.7178935812709242,9,1,0.2501726331628677,优秀,35,8,41,10
D,专家D64,99,0.8325135443398918,0.7585221532459716,-1.1563649402220424,12.675508006149409,45.42424242424242,12.675508006149409,0.4444444444444444,1.1563649402220424,0.4232778151698314,48,0.5869926974508961,39,3,0.2501726331628677,良好,14,14,50,57
D,专家D65,99,0.7098494249351497,0.7193439020144489,-0.05343263526574229,15.777480306046105,52.7979797979798,15.777480306046105,0.3939393939393939,0.05343263526574229,0.5518560243604008,27,0.6836937767080926,16,0,0.2501726331628677,合格,28,33,4,33
D,专家D66,99,0.824816979750155,0.8120927672508766,-0.8969021864020824,16.10844789742053,59.15151515151515,16.10844789742053,0.48484848484848486,0.8969021864020824,0.5742312357920701,23,0.6948226404585193,12,3,0.2501726331628677,良好,15,2,40,30
D,专家D67,99,0.16700429125162164,0.4075506573319401,-1.3441185730692944,13.084812771795066,62.14141414141414,13.084812771795066,0.5656565656565656,1.3441185730692944,0.22429602564772336,68,0.2371690156347793,68,2,0.2501726331628677,需关注,68,68,57,50
D,专家D68,98,0.8112422645697981,0.7349676455942626,-0.9832474276087584,17.87023718158997,46.58163265306123,17.87023718158997,0.40816326530612246,0.9832474276087584,0.6382259197189453,14,0.6962563997764385,11,1,0.2501726331628677,优秀,17,26,42,18
D,专家D69,99,0.697897139744041,0.6921064046379035,-1.311984155852863,12.550268274091117,44.38383838383838,12.550268274091117,0.3838383838383838,1.311984155852863,0.37048367515542946,59,0.5116622872846519,59,3,0.2501726331628677,良好,35,47,56,58
E,专家E01,102,0.5807151046384342,0.6539688144925848,-0.9103744959632791,12.351198134105983,64.3921568627451,12.351198134105983,0.35294117647058826,0.9103744959632791,0.4966064573836889,28,0.5556484904710458,28,2,0.27703238553207465,良好,29,27,27,24
E,专家E02,103,0.7022742187179872,0.7542123896468638,-0.3694106827904591,15.302079699609095,59.89320388349515,15.302079699609095,0.4368932038834951,0.3694106827904591,0.7338961059831841,7,0.7734438197348232,6,0,0.27703238553207465,优秀,6,9,15,17
E,专家E03,103,0.6864983130221745,0.7849907355354366,-0.31935507434448623,11.699387659171965,54.16504854368932,11.699387659171965,0.47572815533980584,0.31935507434448623,0.6721867369414337,12,0.7050441197330992,11,2,0.27703238553207465,良好,7,2,11,27
E,专家E04,103,0.6772454963065246,0.6610559588720044,-0.6497291578515878,15.319588495984611,51.41747572815534,15.319588495984611,0.4854368932038835,0.6497291578515878,0.5899154217662017,19,0.6724786082594617,17,2,0.27703238553207465,良好,9,24,24,16
E,专家E05,103,0.7197139779437123,0.6185479542436745,-1.235763751210473,13.944951899389746,46.54368932038835,13.944951899389746,0.4077669902912621,1.235763751210473,0.4953346369856122,29,0.5931553159885243,24,2,0.27703238553207465,良好,3,30,31,19
E,专家E06,103,0.6631132009635299,0.4961391018089525,-1.8965119182246752,12.957270059457827,41.04854368932039,12.957270059457827,0.4368932038834951,1.8965119182246752,0.326403954548859,35,0.4379521984971038,35,1,0.27703238553207465,合格,14,37,35,21
E,专家E07,103,0.7152439484220156,0.7670611256307973,-0.3345312689932229,10.254927615065585,54.03883495145631,10.254927615065585,0.49514563106796117,0.3345312689932229,0.6231625863755009,16,0.67399284182204,15,2,0.27703238553207465,良好,4,5,13,33
E,专家E08,103,0.5573508580999793,0.5718966554909954,-1.7329334019999785,8.868186714421809,71.23300970873787,8.868186714421809,0.4174757281553398,1.7329334019999785,0.2865403941819731,36,0.3723021191044659,36,1,0.27703238553207465,合格,33,34,34,36
E,专家E09,103,0.6528817294372534,0.6936545484716199,-2.0107745040306853,9.33078909974213,73.54368932038835,9.33078909974213,0.3883495145631068,2.0107745040306853,0.47177056961995806,30,0.48513844697496544,34,2,0.27703238553207465,良好,19,19,37,35
E,专家E10,103,0.5650452818710093,0.640518089891193,-0.36707588361373056,11.102942504807361,59.87378640776699,11.102942504807361,0.39805825242718446,0.36707588361373056,0.46600079219884877,31,0.5550230544423868,29,2,0.27703238553207465,良好,32,28,14,30
E,专家E11,103,0.3564435922009695,0.49711733984911666,-1.2659735666542522,11.579785481743002,67.3495145631068,11.579785481743002,0.47572815533980584,1.2659735666542522,0.2626055837499834,37,0.3279184917068289,37,1,0.27703238553207465,合格,37,36,32,28
E,专家E12,103,0.6247064919550928,0.5886545587787396,-0.6682649774117234,12.303694689274478,62.37864077669903,12.303694689274478,0.3883495145631068,0.6682649774117234,0.4251207352162017,33,0.5470091297254113,31,2,0.27703238553207465,良好,23,33,25,25
E,专家E13,103,0.6701901183031707,0.696550364351957,-1.9186925104035975,12.872827213164433,40.86407766990291,12.872827213164433,0.3883495145631068,1.9186925104035975,0.5530458145693341,21,0.5561353507501586,27,2,0.27703238553207465,良好,12,17,36,22
E,专家E14,103,0.5543827670912219,0.6775694460283893,-0.4664474224783899,10.988807406089396,52.94174757281554,10.988807406089396,0.3883495145631068,0.4664474224783899,0.5084828938948801,26,0.5658296310949333,26,2,0.27703238553207465,良好,35,22,19,31
E,专家E15,103,0.6534092044458989,0.7669493641962933,-0.5411609961337059,15.817658555528432,52.320388349514566,15.817658555528432,0.4563106796116505,0.5411609961337059,0.7530952374585616,6,0.7606089508615838,8,0,0.27703238553207465,优秀,18,6,21,13
E,专家E16,103,0.6132086865607544,0.745131040985106,-1.1960721652060864,16.395405235845264,46.87378640776699,16.395405235845264,0.46601941747572817,1.1960721652060864,0.7106351387253492,8,0.6820967457874719,14,0,0.27703238553207465,优秀,26,10,29,7
E,专家E17,103,0.5984680325900538,0.688567317650327,-0.23296750480552753,15.901578947597482,54.883495145631066,15.901578947597482,0.46601941747572817,0.23296750480552753,0.6387481819106116,14,0.6899593583569033,13,0,0.27703238553207465,优秀,27,21,7,11
E,专家E18,103,0.6770373154862044,0.7188362180262436,-0.6473943586748592,15.422005399493047,51.43689320388349,15.422005399493047,0.42718446601941745,0.6473943586748592,0.6776393988069279,11,0.7221705913219391,10,0,0.27703238553207465,优秀,10,14,23,15
E,专家E19,103,0.6730408608569558,0.6930897930624215,-1.347834111693448,15.506486591169239,45.61165048543689,15.506486591169239,0.42718446601941745,1.347834111693448,0.6218414670218801,17,0.6462542344516663,19,2,0.27703238553207465,良好,11,20,33,14
E,专家E20,103,0.68620353601016,0.7114016412660502,-0.13373853979456068,16.894091037970817,55.70873786407767,16.894091037970817,0.46601941747572817,0.13373853979456068,0.7068293563458439,9,0.77129031657556,7,0,0.27703238553207465,优秀,8,16,4,6
E,专家E21,103,0.7105067724133275,0.6155342090620473,-0.5258422276312769,20.079481993679728,61.19417475728155,20.079481993679728,0.3300970873786408,0.5258422276312769,0.6049671957415684,18,0.7032646027217861,12,0,0.27703238553207465,优秀,5,31,20,3
E,专家E22,22,0.6528817294372534,0.8428270007604033,-0.09871655214363116,18.512894768978533,56.0,18.512894768978533,0.45454545454545453,0.09871655214363116,0.9015133621688964,1,0.8647852007248572,1,0,0.27703238553207465,优秀,19,1,2,5
E,专家E23,103,0.6642318183933157,0.7289267184144204,-0.4172740659133959,20.334881346540644,60.29126213592233,20.334881346540644,0.4174757281553398,0.4172740659133959,0.772713099974418,3,0.8023363995401331,4,0,0.27703238553207465,优秀,13,12,17,2
E,专家E24,103,0.5562769760929263,0.655925313170485,-0.23763710315898456,18.515151120124212,54.84466019417476,18.515151120124212,0.4077669902912621,0.23763710315898456,0.6265768857032984,15,0.6736463457542415,16,0,0.27703238553207465,优秀,34,25,8,4
E,专家E25,103,0.6213495553747583,0.7712711409808091,-0.8213368973411421,12.434289534422382,49.99029126213592,12.434289534422382,0.39805825242718446,0.8213368973411421,0.6593163781341986,13,0.6590919086509159,18,2,0.27703238553207465,良好,24,4,26,23
E,专家E26,103,0.6589084108519115,0.7314716645908285,-1.2157753843545869,10.639970559783281,66.93203883495146,10.639970559783281,0.3883495145631068,1.2157753843545869,0.5675210916930347,20,0.5904618710737094,25,2,0.27703238553207465,良好,17,11,30,32
E,专家E27,103,0.7716714885762801,0.7572802212861204,-0.027505177253408286,16.019670489322905,56.592233009708735,16.019670489322905,0.3883495145631068,0.027505177253408286,0.7664078093446268,4,0.8209928869525707,3,0,0.27703238553207465,优秀,1,7,1,9
E,专家E28,103,0.2977837954441279,0.4872057265304325,-3.073108129442211,5.574067042584836,82.37864077669903,5.574067042584836,0.4368932038834951,3.073108129442211,0.0,38,0.0,38,1,0.27703238553207465,合格,38,38,38,38
E,专家E29,103,0.7257137333894477,0.7733934548500789,-0.3053462792841151,16.348401825473605,54.28155339805825,16.348401825473605,0.5533980582524272,0.3053462792841151,0.7898151151219288,2,0.8223674208536544,2,0,0.27703238553207465,优秀,2,3,10,8
E,专家E30,103,0.64080771891899,0.7193569570882342,-0.2911949103700498,20.430068274419124,59.24271844660194,20.430068274419124,0.4174757281553398,0.2911949103700498,0.7560071676807454,5,0.7868614542980178,5,0,0.27703238553207465,优秀,21,13,9,1
E,专家E31,103,0.6210560203269655,0.6544333018442898,-0.3262168980209793,13.207687915653251,59.53398058252427,13.207687915653251,0.4174757281553398,0.3262168980209793,0.5372018894428316,24,0.6263726644471086,21,2,0.27703238553207465,良好,25,26,12,20
E,专家E32,103,0.6605159354151179,0.7143047640294432,-0.22946530604043433,15.980635609627646,54.9126213592233,15.980635609627646,0.44660194174757284,0.22946530604043433,0.6886145382853434,10,0.7437371482098084,9,0,0.27703238553207465,优秀,16,15,6,10
E,专家E33,103,0.5437174153575295,0.7552330451857968,-0.9742662434168667,6.7972259843336165,48.71844660194175,6.7972259843336165,0.4077669902912621,0.9742662434168667,0.5094110627168548,25,0.5086560729246288,33,2,0.27703238553207465,良好,36,8,28,37
E,专家E34,103,0.5813694910298537,0.514366357444428,-0.14774733485493266,15.005783282017354,55.592233009708735,15.005783282017354,0.4563106796116505,0.14774733485493266,0.4132567745429302,34,0.5480281163557577,30,2,0.27703238553207465,良好,28,35,5,18
E,专家E35,103,0.640575437310564,0.5888914500452053,-0.5655338136356634,15.826636426805749,61.52427184466019,15.826636426805749,0.42718446601941745,0.5655338136356634,0.4991544774318153,27,0.6109036847169056,22,2,0.27703238553207465,良好,22,32,22,12
E,专家E36,103,0.5778902941125102,0.6294427177275392,-0.4557982523294178,10.115097828099062,60.61165048543689,10.115097828099062,0.44660194174757284,0.4557982523294178,0.4322593557917282,32,0.5330689815482279,32,2,0.27703238553207465,良好,31,29,18,34
E,专家E37,103,0.5788673681976213,0.6952748522064806,-0.38939904964634525,11.129008950935091,53.58252427184466,11.129008950935091,0.4368932038834951,0.38939904964634525,0.5405587796488616,23,0.5953806806871315,23,2,0.27703238553207465,良好,30,18,16,29
E,专家E38,103,0.6616717901204082,0.6732862569186524,-0.11272534720400315,11.95728722917721,55.883495145631066,11.95728722917721,0.4077669902912621,0.11272534720400315,0.5478777568552371,22,0.6443323994721386,20,2,0.27703238553207465,良好,15,23,3,26
