供应商ID,品类,安全指数_I,排名,因子得分_F1,因子得分_F2,因子得分_F3,因子得分_F4
S273,A,1.0,1,-0.7617758535076256,2.254481486637816,2.6256416299244476,7.805885290474686
S333,B,0.9690734406748933,2,0.16320920496886498,-0.45689897352347775,3.075435036742234,8.419418060289583
S317,A,0.7673267157801448,3,1.4150161861600792,1.2554304634268203,0.8756992271748686,1.065908756585955
S278,A,0.7355492377133844,4,1.3269107996073004,1.2338357605849983,0.7721094457887875,0.6621104693511839
S184,A,0.7309861485771367,5,0.9656754735969846,1.325801878310315,0.8903133554850496,1.0696565013210013
S185,A,0.729560532343432,6,1.3866305820374376,1.1867441654067068,0.7505822631544045,0.47889005662904083
S005,A,0.7053522065326581,7,-0.83358437629094,1.7937397808525217,1.4502317123267499,3.053925389543483
S023,C,0.7032494689550749,8,-0.7753901695179292,0.2526797431184724,0.26020043170307844,6.963788366608892
S145,A,0.7030245646253693,9,0.8667458525202354,1.3712823843921293,0.7357415349333326,0.7565521294208648
S101,A,0.6963937443999262,10,1.0132951820134506,1.3227307977209242,0.6500772633157726,0.4521566491381437
S242,A,0.695495672862365,11,0.6330081088485323,1.4391366692862624,0.7742437623573103,0.9486349340128235
S198,A,0.6945884862223679,12,1.1496866737843576,1.2920420740186362,0.5791501636609352,0.24242703355423245
S099,A,0.6889843022302153,13,0.6453187343293375,1.3733197546995293,0.8063502160137513,0.8128824874598182
S370,A,0.6819508167903803,14,0.909319423043967,1.2567538591371394,0.7173053353548385,0.33683612707895483
S156,A,0.678714680766647,15,1.260529630361729,1.1962236892726401,0.520666781149337,-0.17622168773529434
S374,C,0.6785828726856108,16,-2.253096357071385,0.46841645530552367,0.9159638611769382,8.478704932381426
S341,A,0.6732798584576788,17,0.8483703824524346,1.318978559151344,0.6322271613990073,0.28947612944069623
S187,A,0.670286348235097,18,0.5878545490022321,1.4716578332350443,0.6138389627592667,0.6082521980117945
S181,A,0.669024412313644,19,1.2007078803387277,1.2257453101339675,0.46856236191279593,-0.24906191916696757
S105,B,0.6687390889174452,20,0.3199267155333602,-0.735573027584511,1.481882074209811,3.3247402618303044
S021,A,0.6682104034637789,21,0.6665423170635653,1.2622983351685095,0.8004271216107813,0.4263749638902048
S289,A,0.6644665204689199,22,1.1563503630639829,1.2349515389429269,0.46139200629672344,-0.26382228623979215
S205,A,0.6625733023316379,23,0.9279752588646778,1.2791625511050737,0.5589215418672678,0.006864144506098454
S354,A,0.6614287999308456,24,0.7589613203416022,1.384820846925701,0.5438565702166581,0.2279070611424583
S251,A,0.6564736367222113,25,1.1650553680985565,1.2814474456489409,0.34999316585246737,-0.39275267496255406
S093,A,0.6529363206332438,26,1.08821296778715,1.2718061567486212,0.39513471560691543,-0.3539980559592141
S130,A,0.6527743944221862,27,0.8097522800112269,1.3631459851299084,0.48142112116255303,0.01920654844300301
S051,A,0.6519845170523811,28,1.0616744692220248,1.2667724640055618,0.4144279714890083,-0.33664880178220336
S373,A,0.6483179798715987,29,1.0450290120551247,1.2799341268292856,0.3879993691141224,-0.371363981378957
S043,A,0.6478457242508954,30,1.0109119526722634,1.2699312578580495,0.42169323934693353,-0.3378278138261507
S372,A,0.644591222581204,31,0.9840375018393845,1.2804430825136657,0.40842635950863465,-0.35368782456205516
S012,A,0.6406112492805545,32,0.9991090656947197,1.3050336666325726,0.3434385626964816,-0.4310846121128017
S394,A,0.6405498382902908,33,1.0074410791679869,1.308791756519506,0.33258467822871013,-0.44188813844494484
S302,A,0.6401803181825265,34,0.9326266128159272,1.2935150435978682,0.40222857816394236,-0.3558639488175797
S243,A,0.6374596125664674,35,0.5665309675812995,1.4510264172051268,0.45501548315613133,0.10279242996028287
S097,A,0.6366636160090591,36,0.664403161741553,1.3672234157613339,0.4825215179743699,-0.05395061061291002
S071,A,0.6360599512918422,37,0.9918663893252884,1.3257809429527427,0.2957039109803497,-0.4902902340585436
S350,A,0.6333279160234269,38,0.9097659316351925,1.290744823287657,0.380428180418418,-0.43770307675312264
S304,A,0.6323854684971564,39,0.2190348239377316,1.255458986790199,0.9105591686748075,0.418960397375268
S274,A,0.6318430418369619,40,0.4909433830413052,1.3270770385894903,0.626248827885021,0.07988025175210772
S204,A,0.6295445985247551,41,0.9232120049729761,1.3387075459941633,0.28951522975928695,-0.5048072349541386
S283,A,0.6279628543504138,42,0.9203919048954226,1.342647733624821,0.2769722429119433,-0.5255220692159107
S072,A,0.627366542968097,43,0.8021298291967902,1.3053120712765067,0.4034328701327597,-0.3933026591388168
S015,A,0.6269581317185703,44,0.8213194039849995,1.3144847267109123,0.3760655526562067,-0.42218625017065464
S091,A,0.6263470808316609,45,0.3937251624318758,1.3997011015868615,0.5737365584853414,0.13202487788195538
S144,A,0.6261835075998125,46,0.8993383872704309,1.3486382287347096,0.27406566368671875,-0.5261877999643962
S250,A,0.6243471868996258,47,0.6649818114108164,1.2768981232581351,0.51791063023333,-0.27411482198659476
S083,A,0.6240715696334831,48,0.7543974081529696,1.3073144332414879,0.41515066627581604,-0.38516061924132755
S148,A,0.6217118924295356,49,0.8750137841197495,1.2958083642447005,0.32848515000481543,-0.5789474492128063
S211,A,0.6215945474765694,50,0.4664854254190017,1.1848285697977496,0.7549106864710303,-0.08643179190251743
S119,A,0.6208229834538527,51,0.8343489561951899,1.3522324786871176,0.28350644650034035,-0.5287443908008599
S396,A,0.620517071739994,52,0.8642795624880111,1.286129025585536,0.3407488243843045,-0.5867906896522339
S312,A,0.6201408235512162,53,0.3204145577582939,1.4240420007713903,0.5587014102303477,0.13122019067348967
S096,A,0.619611906939835,54,0.48442665515127786,1.3692891860142862,0.5051788965592717,-0.09874501027491206
S155,A,0.6191038576933902,55,0.749684133976458,1.329293374573861,0.36145860618597064,-0.4538212932727429
S022,A,0.6188411775852983,56,0.7913429797342946,1.3455158135070324,0.31035083991369167,-0.5073670859718548
S285,A,0.6177419675992073,57,0.7858646198232411,1.3482648463716322,0.3041626876214741,-0.5173229286539026
S109,A,0.6175029418960982,58,0.7162705554593656,1.326351022525703,0.37921704276295115,-0.43774136529183866
S195,A,0.6162905288572617,59,0.701124569876647,1.3282103451237681,0.380442961108757,-0.4375783219667097
S062,A,0.6152824272019122,60,0.7670350781169787,1.3595172398899682,0.2891687291474974,-0.5306109721941039
S158,A,0.6119346133481479,61,0.6787879152539011,1.3220565199869567,0.37744186548088404,-0.4805715344328801
S293,A,0.6117098196309607,62,0.7861914315413464,1.3829955546347363,0.2251124517028405,-0.6069425574004196
S196,A,0.6116515425471054,63,0.31381852692222695,1.4737568663169058,0.451344132215235,0.014451113514574784
S209,A,0.6100337104417543,64,0.3486582711819837,1.4274757415791772,0.47292794298143176,-0.06634720788589493
S309,A,0.609268696272658,65,0.524505536055132,1.3049505426417747,0.4924571857673275,-0.33120602672915234
S127,A,0.6091579783040715,66,1.0109430802325738,1.1584470153774904,0.3229454803025141,-0.9857903972237729
S219,A,0.608198283109847,67,0.668055051219618,1.1914799551451543,0.5218190882608787,-0.5572867190128564
S295,A,0.607245503772281,68,0.3978310068003015,1.28759584909513,0.5913654329547676,-0.2058440113061728
S323,A,0.6059087194622792,69,0.5710106344460673,1.3396781282490164,0.3964998597034302,-0.436425038540958
S102,A,0.6046989998541342,70,0.3089467827198936,1.373277763408677,0.5349195091007554,-0.11393543193467154
S299,A,0.6040812073108203,71,0.6592234942918728,1.238061541896846,0.4457264925395881,-0.6006324622601094
S348,A,0.6029831307799651,72,-2.1933048324448983,1.941302801633941,1.644951691322982,3.136641237021144
S104,A,0.6019963074247409,73,0.5872190089636938,1.3752500747203096,0.3175765598709753,-0.511446875181518
S178,A,0.6007814290359046,74,-0.5407749138986481,1.5969545216136658,0.8454381664722862,0.9559155586255921
S038,A,0.598379584863038,75,0.6184167047827124,1.390262823210467,0.2550004612595554,-0.605800274553569
S132,A,0.5950756109445663,76,0.12495099640878048,1.4769099893747326,0.4817743803621482,-0.010924403630708183
S217,A,0.5929756175455222,77,0.4852549393583279,1.3797058908932756,0.33033401065273865,-0.5258452138383665
S363,A,0.5923488178288354,78,0.5004820020515911,1.382873565531508,0.3117671476647213,-0.5545404440810048
S052,A,0.588352474190052,79,0.1586864807527332,1.4591187458637127,0.4386222672057201,-0.1661375568362412
S134,B,0.5878693935309021,80,1.27951445297733,-1.2865009269229755,0.9779685953214016,0.6755142388790931
S056,A,0.5872277885533075,81,0.4877663390927332,1.40547858503009,0.2621901264370237,-0.6154719234653313
S288,A,0.5871196685493411,82,0.4772276611841388,1.4039500680957757,0.2709922866861379,-0.6042460724526896
S281,A,0.5829167753991706,83,0.4710964599824609,1.4226278187554622,0.22702912254105062,-0.6596353469534554
S027,A,0.5814725337098332,84,0.06358757854676544,1.4607997980709144,0.4627212612717833,-0.15530142162550814
S165,A,0.580388698797732,85,0.2801432606129727,1.2904902987537261,0.5088475655165071,-0.48714501392520904
S087,A,0.5785465210693123,86,0.13146540800268575,1.4058544743341674,0.46358076192503767,-0.3015392036496756
S035,A,0.5748953064245492,87,0.16821309922834135,1.4172255916008514,0.40088235930289634,-0.4037848576387777
S255,A,0.5746357138906014,88,0.31401909258806066,1.4115723491629069,0.30249942254164114,-0.5954835158675374
S082,A,0.5738950075841286,89,0.5039988453186671,1.3642421149675674,0.21988408581758107,-0.85989403624312
S269,A,0.5737431475138012,90,-0.1483846937361897,1.2287684192119188,0.8490602039401874,-0.0616227191488728
S066,A,0.5736449613125894,91,-0.0713168807541139,1.2108395581320894,0.8154858305783209,-0.16571913911356795
S319,B,0.572692616663051,92,0.7839919304138926,-1.1131046238364972,1.0281527633929775,1.1023950087562682
S049,A,0.5725510000901374,93,0.29634529738756965,1.4159706347817964,0.29709401957044484,-0.6054765817098734
S122,A,0.5681085479217147,94,0.010859743109222886,1.4456324935702418,0.43780217151883033,-0.30660942123175805
S265,A,0.5668211155138229,95,0.12618686152066363,1.348497481418797,0.4657850946587368,-0.4960614817846085
S116,A,0.5653679195463235,96,0.17060079352085697,1.3994283984023903,0.36352926836128546,-0.5647999225765882
S300,A,0.5645609460078584,97,0.16224493238904333,1.41596931374751,0.3446907429469586,-0.5637099825444221
S296,A,0.5630972577348281,98,0.008762180063341202,1.4444959450773123,0.4102408835022829,-0.3847330959825986
S115,A,0.5626927407366478,99,-0.1003627575881965,1.2794470637945907,0.6861546934829156,-0.2891323992041951
S399,B,0.5605159346219883,100,0.9506913601500546,-1.2186361337672955,0.9639800089025371,0.6699724293119798
S064,A,0.559762114058779,101,-0.12853377373987515,1.209872612795892,0.773392397540745,-0.3165090572425812
S337,A,0.5594938767064603,102,-0.05206506659188966,1.4600578498636252,0.41299715596024283,-0.36189391414538463
S058,B,0.5593278748629809,103,1.3595689774446067,-1.3405329291952501,0.8135064519528564,0.10218169537069216
S047,B,0.5581038490584679,104,1.0411771078366034,-1.2013486749206495,0.8635812393385275,0.5200692922695718
S014,A,0.5578246617592947,105,0.11267528140239967,1.4310777147918816,0.32058817601364514,-0.6051603714872086
S167,A,0.555198758016392,106,0.5468535371214598,1.3048116957103242,0.1483593145892526,-1.2288649069327917
S042,A,0.5538537004139313,107,0.5412166373866233,1.2965088672428453,0.15440821281908562,-1.245318483748998
S170,A,0.550222038340328,108,0.4085502059181975,1.2910490334214024,0.23387390620032594,-1.1362434783100108
S017,A,0.5501339926901095,109,0.5078644940311546,1.3169636477274396,0.13069199405785265,-1.2579385463821378
S128,A,0.54954501463578,110,-0.15824613397925513,1.4525532725591,0.4372784148790177,-0.3879653136853787
S002,A,0.5494063921272285,111,-0.1906018681259437,1.423009047115476,0.4953927233724316,-0.3555516152258987
S159,A,0.5484143707860216,112,0.19408895091497894,1.3643363090170542,0.2863860142411279,-0.8749892228058257
S016,A,0.5475092948572485,113,-0.035954197034898716,1.4339116617685677,0.36074343015901006,-0.5812760737025701
S227,A,0.54683859428735,114,-0.010052834368424343,1.4071803381817887,0.37067768624267355,-0.6310500225452554
S065,A,0.5463343019106197,115,-0.11291087275873073,1.4180646837156525,0.42732989106080616,-0.5050358626897099
S378,B,0.5455254977921209,116,0.9318348666452627,-1.1941122635697825,0.8566525451492396,0.45845963479622476
S009,B,0.5453647866625667,117,1.2771136776669978,-1.2963889987233,0.7338010566311771,-0.0071806513598851075
S401,B,0.5444803885757067,118,0.7225119327226726,-1.1350759551661533,0.9277235756371086,0.7218301082948166
S157,A,0.5439973875162408,119,-0.3343618267731827,1.3216342911374448,0.6884363483273827,-0.28226757700518285
S318,A,0.540532543847286,120,-0.6599230862273631,1.4982627504343824,0.6847083314935077,0.11684907833477598
S026,A,0.5396721365744911,121,-0.13837218062263612,1.4408994746692954,0.37788965742083286,-0.575438729109379
S226,A,0.5395642588111749,122,0.3353845567863175,1.3176043671792195,0.18892851642699743,-1.2081694280658601
S163,A,0.5389640934462668,123,0.29979647928753606,1.301695762985249,0.2299908878152777,-1.1760216681475433
S393,B,0.5383220058623093,124,1.327045129520307,-1.237476714222098,0.5836864001909261,-0.17060044513699385
S154,A,0.5357550080366003,125,-0.21632454863447037,1.4101311821963396,0.44876581533394316,-0.5483958660015529
S106,A,0.5351203947198616,126,-0.391081497283367,1.4718470117510494,0.49278031507208936,-0.31949553117078056
S276,B,0.5341220472902591,127,1.1663266446846488,-1.2758960927883196,0.7197322639646665,-0.04225978334158382
S089,A,0.5334231711610811,128,0.2559226399205098,1.3200792477454366,0.20554425751691624,-1.2054188564183064
S079,B,0.5331855155073261,129,0.4941757308556201,-1.0432620692115997,0.9103303961992398,0.8519494817047739
S203,A,0.5331541473047425,130,-0.2083487022965072,1.4476676501554593,0.37995225241514047,-0.589462493201065
S121,A,0.5328018257053503,131,0.3335072803988873,1.3231494850135803,0.14255217857948838,-1.313362818167946
S004,B,0.5327921365300787,132,0.8133025368220931,-1.1397446902181945,0.7975287560490688,0.417408842323023
S029,B,0.5327292063398086,133,1.2009555422445624,-1.322072576248364,0.742774727175248,-0.11924973433840175
S261,B,0.5325535003085939,134,0.49888863438984127,-1.0649920221718017,0.9295610266626387,0.8308796858750607
S053,A,0.5304652844996419,135,-0.45263917520006874,1.4772568393929657,0.5020074442575756,-0.31490642128611573
S254,A,0.5255555823211114,136,0.22003422856918925,1.3330911071374125,0.16754584536675915,-1.2832249779195353
S292,A,0.5254012963263945,137,-0.3164560545939997,1.4125233778840909,0.454841879240703,-0.5873277670923641
S381,A,0.5225978247204305,138,-0.2123005575282909,1.4148178975759242,0.35879705957771707,-0.7617797041272466
S322,B,0.5212308108419026,139,0.6640492919779662,-1.148345382753483,0.8446027019899375,0.41928756722270033
S238,B,0.5190814752351706,140,1.1503791398202488,-1.1988074329243967,0.5459315391477539,-0.2461880150251014
S237,A,0.5187061091281174,141,-0.8281236970861657,1.4859366957300804,0.6872136858034813,-0.022568093318790786
S311,B,0.5177472381338617,142,0.7647089643495493,-1.17635773750305,0.7856877573712661,0.228754993579539
S063,C,0.5134713959135662,143,1.0316765765218678,-0.5247732451621665,-1.2327467800226226,1.4310798660409638
S168,B,0.5129419034830182,144,0.9955847152754694,-1.223938038310536,0.6497950683998766,-0.15355152710556647
S387,B,0.5123320321528243,145,1.012341898681885,-1.213835434950063,0.6218377821270566,-0.18240691525212638
S336,A,0.5117132073907215,146,0.028669253093094205,1.3546966215396257,0.1938507776691803,-1.2572222021046089
S001,B,0.5110984640239341,147,0.8060827487515199,-1.1545309802370558,0.6891885825139277,0.07418413153700237
S214,B,0.5096055684126438,148,0.8456401079771909,-1.3231667599007708,0.8573928702066677,-0.03882771337476194
S166,B,0.5083966435439075,149,0.9103384960469739,-1.2287421276131103,0.689021216308352,-0.11933568489370733
S152,A,0.5068687826741876,150,-0.550547479231554,1.4133752124255634,0.505520008877734,-0.5828028893633009
S046,A,0.506549889242335,151,-0.5778399254228042,1.4149916119088153,0.5208247589645242,-0.552410487479738
S390,B,0.5064506300039211,152,0.9492268527091657,-1.2048368048249434,0.62027484277136,-0.19460556662469686
S075,A,0.5053049216225227,153,-0.6892893713490638,1.4215018797700363,0.5852566448682451,-0.42954473878771404
S315,B,0.5046378535022567,154,0.8339270095265946,-1.2335515206095935,0.7267559539795977,-0.083777050767041
S259,B,0.5046188640216887,155,0.4855136228203519,-1.1378651604496222,0.8585767378463419,0.3817583708386312
S137,B,0.5040484812367948,156,0.929678601254109,-1.2012116890256568,0.6151432698399812,-0.20737704717432903
S057,B,0.5024153299255955,157,0.5401603006564115,-1.0849778793833997,0.7416693975267034,0.28896613014315575
S177,C,0.501501827716755,158,0.6379829048070341,-0.36227085210082977,-1.2224311622132165,1.7772476433996922
S371,B,0.5013336036181113,159,0.7933634285899126,-1.1740574740214513,0.6628736123322045,-0.07121062620796942
S111,B,0.5008110430666944,160,0.8205223621370131,-1.2199185970495883,0.6964036223892278,-0.12499637017897641
S248,B,0.5004363425566213,161,0.6795721998839389,-1.156589128729507,0.7173480899804848,0.06329779673656322
S389,B,0.5002608669558724,162,0.5279624975042926,-1.1765001798884391,0.8489504414836319,0.24871676945750643
S179,B,0.5000596609209574,163,0.9152721584148789,-1.183881903411053,0.5801402828920681,-0.2492564151613576
S200,B,0.5000259222066583,164,0.57299774548519,-1.114409755545993,0.7395245352089389,0.20208798645925696
S125,B,0.4968897095366478,165,0.8741599625191228,-1.182101919192879,0.5880888627006351,-0.24747914957004463
S018,B,0.4960147608111391,166,0.35890472622566305,-1.0259475694941644,0.7601657041659248,0.4305460872130248
S402,B,0.49476406038022913,167,0.9349901415175909,-1.1481925837082767,0.49041067010786826,-0.3513043465654361
S287,B,0.4941201203138703,168,0.912564935728906,-1.1516610906079134,0.506805443088012,-0.33399539374770937
S249,B,0.4932734714676269,169,0.4680643261444612,-1.1222075645060483,0.7830530582525513,0.2252033416195992
S385,B,0.49288050485975954,170,0.7430407855283715,-1.162785538523885,0.6337717673947976,-0.14048701250009843
S260,B,0.49239791520966986,171,0.374460060635337,-1.3890471141409182,1.169121048012927,0.27007539581750695
S240,B,0.491941982513101,172,0.9072824051861056,-1.1419498559151453,0.48551148929659277,-0.3600500505249148
S400,B,0.4905614537292334,173,0.8383504428113872,-1.1606718642426235,0.5491505732222062,-0.298753266755982
S321,B,0.49026748052442465,174,0.8583215849849423,-1.1486131051131796,0.5185201756342857,-0.3263010333446886
S190,B,0.4902588589099131,175,0.8673627416623757,-1.1459246603022137,0.5087122713240746,-0.33729988157439766
S215,B,0.4894768402240125,176,0.8440222450809194,-1.153611452880288,0.5298759585668218,-0.321740901580809
S230,B,0.48788733045944976,177,0.27563486900313217,-1.1118194692148047,0.8753035491577786,0.38567906481160574
S332,A,0.4863582865294412,178,-0.3707470398688474,1.3784435507529191,0.2962830004184179,-1.1510407769300566
S095,B,0.48460625508146177,179,0.8023642126216005,-1.1422625884011777,0.5162404604820812,-0.3444332420926383
S221,A,0.4843822577266586,180,-0.8931740358852516,1.4447455603672699,0.5756440015784895,-0.5012324043557156
S335,B,0.4841231826769193,181,0.7190255997926848,-1.1692856956808098,0.6058092726402984,-0.25238288225424393
S208,A,0.48367948122022625,182,-0.21046886974937645,1.3328217744767812,0.22306297222552846,-1.411355880572009
S328,B,0.4833784595359345,183,0.8387245918863702,-1.1207134498441365,0.4566152750956493,-0.4056007525212984
S344,B,0.48294134874460776,184,0.8109183190231807,-1.1295135640824334,0.48451727215844337,-0.3792099734369021
S030,A,0.48204581982953326,185,-0.3690896056598449,1.3833309492752013,0.2631754202585315,-1.2216686349629708
S077,B,0.480542380013142,186,0.7565219219716816,-1.1364537888816235,0.5172916336104063,-0.35017157642321894
S019,B,0.4794180678628446,187,0.7555617477311625,-1.1310343506324627,0.50453017284861,-0.3657575792797997
S126,C,0.47907566173312904,188,-1.3047147875386933,0.07338568288848069,-0.4887539528963181,3.970137300028579
S117,B,0.4746677755794797,189,0.375360585834839,-1.1613952173708335,0.7838220444511775,0.0354614957106728
S316,B,0.47414068182089236,190,0.01792848371978473,-0.9774414602053273,0.8119334995760003,0.5238076415785906
S118,B,0.4724154528483679,191,0.5429238815084301,-1.1480928540553244,0.6346014220063625,-0.2114781662476244
S045,B,0.4723700701053766,192,0.6812547331592183,-1.1462167938367145,0.5332655541416078,-0.38788862939388974
S201,A,0.4721223502487532,193,-0.5212897741526874,1.440567119607619,0.2663572825561365,-1.20985270933131
S078,A,0.47047245491860995,194,-0.5994679804694961,1.3789197443849186,0.3644353717309781,-1.1178273327779464
S375,B,0.46812312238382797,195,0.6734839640737929,-1.1010828955783292,0.4580532791639486,-0.43596459402397664
S081,B,0.46717622596532865,196,-0.10216103185025216,-0.95646503738948,0.8299511941496381,0.5693749116493152
S222,B,0.4670450372734576,197,0.5419652525151571,-1.1399878500839349,0.5929729310737186,-0.29498098067281947
S280,B,0.4666490432773098,198,0.4608151227454155,-1.2564447437346558,0.7899401152400062,-0.2240040905158831
S112,B,0.4665118286448574,199,0.591572088211208,-1.1172497931382295,0.5266849655775301,-0.36161413448184826
S176,B,0.4650653361440025,200,0.5688141095047802,-1.267758141101568,0.7172758612959901,-0.3899566851160227
S388,B,0.4644520365638019,201,0.17900774295411986,-1.2648766872089272,0.9884884726276036,0.09695306536961568
S224,B,0.4623228554576291,202,0.11946621777486734,-1.2558016198448008,1.0065876881314915,0.1412303071164781
S142,B,0.4609321148390213,203,0.5300137524442934,-1.1128203178800404,0.5312636512643407,-0.37177904050209354
S124,B,0.46050142131018235,204,0.4838682825828113,-1.1255790647371884,0.5772024589992906,-0.32295848944461447
S241,C,0.45952373006698316,205,1.1089186477428528,-0.598021353798103,-1.5257987458944111,0.4481590232160248
S100,C,0.4590443638683694,206,1.115497145365174,-0.5951747161575651,-1.5369554642984813,0.4328458590105485
S024,B,0.4587850487233732,207,0.2696794891462494,-1.102981141065753,0.6918605818025241,-0.07221877390162018
S048,B,0.45800869358176965,208,0.27184404832119907,-1.0662700855459823,0.6410305165371595,-0.07928494285883458
S147,B,0.45681661156071424,209,0.4895451387708326,-1.1027919988144623,0.5230626683673159,-0.384280401745477
S272,B,0.4568138098437429,210,0.2768204867192633,-1.1755964703896895,0.7638928713268832,-0.1305191255989775
S028,B,0.45614347446983655,211,0.4632383269698281,-1.1120186532535965,0.5488867055578361,-0.36355422332557247
S286,B,0.45604076986405995,212,-0.15959772660823154,-0.9777037543955928,0.829258368878035,0.4585906675681831
S164,C,0.45405967774932177,213,0.6512371754208721,-0.4357973305103222,-1.4300734899438035,0.9804781142289135
S291,A,0.45400168159550514,214,-1.3813548885651146,1.471062604383111,0.7089252786267298,-0.3638593419636931
S123,A,0.4534812779648326,215,-1.3365404445595894,1.4294527653525084,0.7237805889975565,-0.4378081235827089
S107,C,0.45282987380262973,216,0.6569335812442019,-0.5107967146012415,-1.3501253330274725,0.9361475638639505
S212,C,0.4519145522881898,217,1.0750493042939246,-0.5701268843917231,-1.5818220485258654,0.3753692681246332
S327,B,0.4513243649324691,218,0.3485847410243436,-1.1248223949045282,0.6172324268727569,-0.29818621654574284
S395,A,0.45091631555570555,219,-1.0819442261367136,1.4705104805991804,0.49931116257163405,-0.8270207107610666
S339,C,0.450312087623827,220,0.8379483121218265,-0.7157966700452532,-1.2446783558885974,0.6180086842358161
S138,B,0.44839024886974327,221,0.005265048509509974,-1.3086058212059166,1.06753979291954,0.05105342907217441
S007,A,0.44814212371153617,222,-1.3973280659386744,1.427493301058905,0.7373665889097744,-0.4470024425513361
S084,C,0.4470621191432382,223,0.9617921381608094,-0.5858907854816364,-1.5111748980011308,0.43789997725797786
S252,C,0.44573651255170615,224,0.7019316676944223,-0.516615961826427,-1.418169044421088,0.7634052148149814
S153,B,0.442759902902479,225,0.44604864504962133,-1.0473790765551496,0.4011141571066476,-0.5419853063289478
S069,B,0.44085296206615354,226,0.032050949039767296,-1.1110993312748494,0.7624355092045189,-0.05964666096396171
S266,A,0.44076540785635837,227,-1.4162352333665509,1.424867224079297,0.7091864093853991,-0.5419836639490356
S161,C,0.43980393038138715,228,0.5532144617310703,-0.3966810886068597,-1.4942802595165499,0.8850306014681298
S264,B,0.4396964752903729,229,0.28700617116736155,-1.0817304962175702,0.53822362122924,-0.39703593852516145
S220,C,0.43953753206499646,230,0.42807604405908395,-0.4264469118646106,-1.3702117703292318,1.0331589139606323
S120,B,0.4389993043977246,231,0.3030464399563864,-1.0767598921686332,0.5162966476946931,-0.42725972406927665
S114,A,0.4380566317020222,232,-1.4172432172309584,1.4412524724820484,0.6749393760915375,-0.5825903646363962
S382,C,0.4380507221870864,233,0.8167090558891735,-0.5870867635996762,-1.4606757295985684,0.477238328883909
S223,C,0.4371148816882674,234,0.8050876548995297,-0.5868898539755485,-1.4583187589928315,0.47706250904517183
S320,C,0.43662426548037153,235,0.6488757695258306,-0.45971400310513455,-1.5049831592052891,0.6975480179316155
S202,B,0.43572037571709643,236,-0.11144810184952389,-1.2835258956229412,1.0436527558852395,0.0013304768897674478
S010,B,0.43567308651339975,237,0.6234793660011857,-1.2006612813681934,0.418182469430983,-0.9169123069174882
S258,B,0.4325576933314913,238,-0.1411687282919625,-1.2231190833906438,0.9719667335438388,0.0022998658324369058
S297,C,0.4316966255255782,239,0.868800565405606,-0.5370192665043447,-1.5976012848904708,0.32044432128334355
S197,B,0.4316029803136638,240,-0.07960652581786998,-1.279660306734479,0.9912850826533467,-0.10462483372380854
S343,C,0.43136667829237285,241,0.8946845337830195,-0.5256646506235749,-1.631928214352302,0.28479484345285244
S061,C,0.43123244281702244,242,0.44436018353772255,-0.44547592021204774,-1.409046301413674,0.8745168719620869
S376,B,0.4310092870949937,243,-0.08800925475277599,-1.2582536576568373,0.9675185209777654,-0.09845764438694682
S325,C,0.43076348301601985,244,0.3966805369568084,-0.42885912929932535,-1.3980929937106565,0.9314795493022926
S352,A,0.4297780481354536,245,-2.1321405322845535,1.5676964408256657,1.0045159390032439,0.18941491656946685
S391,C,0.42943498146633,246,0.4753537110177412,-0.4385961067829165,-1.4505296904038962,0.8078199718234781
S189,A,0.429230936955163,247,-0.9339801321380817,1.3543320786210142,0.38261915880944836,-1.3602297627235296
S307,A,0.42878179707354047,248,-1.8157221199103342,1.553369398051583,0.7875572250681885,-0.22919049928678997
S334,C,0.42851990696815206,249,0.8944796675922603,-0.5108998055337748,-1.6670401168869473,0.24264747207831447
S386,B,0.4273305325964754,250,-0.20340404843883353,-1.0136193841815488,0.730027642126266,0.044543521029047566
S006,C,0.4261424542511733,251,0.8081750451922252,-0.528494916412158,-1.5983739630037208,0.3102234653088838
S290,C,0.4260721412066413,252,0.7735865711950966,-0.5417691773215452,-1.5579548129131422,0.35012735603716927
S162,C,0.4254184533899107,253,0.8466873883796355,-0.5123576878800138,-1.6500175755521442,0.25337198478331036
S191,B,0.42540644682923795,254,-0.13579390940203254,-1.2249635253067268,0.9270415897562913,-0.12004809537322902
S303,B,0.42507610839542187,255,0.09362519005752223,-1.0728932671538591,0.5768661005475488,-0.3839884020025892
S034,C,0.4243376709561078,256,0.8427376901029469,-0.5081605212880733,-1.6588790917851757,0.24199501137276755
S192,C,0.42354079284456536,257,0.7920975021581125,-0.5216415252569162,-1.6110858514837476,0.2905029019534734
S094,C,0.42343806194970074,258,0.7652045298342289,-0.6149832593005953,-1.4786140098818281,0.3014941359915232
S277,C,0.42236254475980783,259,0.7967072816702919,-0.5141017052474983,-1.6307396119472575,0.26744982964255537
S231,C,0.4220454522723135,260,0.7966355687229193,-0.5125090849852538,-1.6345575095737055,0.26281299737082153
S257,C,0.42099376715470066,261,0.7683876471345872,-0.5154682575928486,-1.6170922714198501,0.2810836310783714
S136,C,0.42016788775515873,262,0.6495833716728303,-0.552885572421828,-1.491577650281001,0.41034048813621743
S160,C,0.4191195480139587,263,0.5570655078397058,-0.43955252835250147,-1.570223821677744,0.5375765163093916
S366,B,0.41868562866687875,264,-0.3072084798008426,-1.0178818071837805,0.7568218557081087,0.03679739022887973
S020,C,0.4181123336846518,265,0.3773141848917764,-0.3861980207539202,-1.5131917504849244,0.7627190073235535
S103,C,0.4172048563685337,266,0.7004594399111835,-0.5205074991995584,-1.5854550307923145,0.3055043479040126
S183,C,0.41643930607115365,267,0.7508522177194814,-0.49878573518333646,-1.6526039707852926,0.2340877634631395
S358,B,0.41468149252763387,268,-0.003566928487616954,-1.0525489110700381,0.5583821729503324,-0.4227198752418921
S041,C,0.41370845293677866,269,0.5184345505535266,-0.4841669568578022,-1.5210809966594927,0.489485697558421
S150,A,0.4116985368174414,270,-1.396541904068049,1.4101670566728608,0.5352280864522979,-1.0357625776920345
S353,B,0.411519093971217,271,-0.30965970868344767,-1.0161747884160548,0.7132314345301982,-0.07526187098598158
S262,C,0.4091902834078343,272,0.6811811096980379,-0.4842707927225762,-1.6644986094076923,0.20949557368815572
S301,C,0.40879166425442337,273,-0.34848371714352616,-0.24193836129024682,-1.2271113738584971,1.5696400543906155
S246,C,0.4087595313167512,274,0.6665949722106845,-0.4887075312060185,-1.6513374044908407,0.22018996295485457
S233,B,0.4085730700370894,275,-0.047158802706381286,-1.0963842855244736,0.6053533785601641,-0.47475667321685106
S359,C,0.40778025491551145,276,0.008925857570252866,-0.38046016792402204,-1.3195893764231321,1.0665308766000579
S298,B,0.4076790298671156,277,-0.11229485171212089,-1.0540582255603357,0.5954014283479834,-0.3972977193402975
S398,C,0.40757316096230245,278,0.5815685393548035,-0.510207473049761,-1.5714796653664327,0.30422601162123364
S199,B,0.407169217490729,279,0.2794525814767968,-1.2012298813683504,0.49179246181201924,-0.937753048697488
S331,C,0.4069743208335317,280,0.40379340301419553,-0.5561470086171285,-1.392432332533271,0.5107481084951409
S068,C,0.4067451232567148,281,0.6642848974822273,-0.4784919055597123,-1.6743590981002754,0.19307647552224447
S073,B,0.40666230120116215,282,-0.11658621630002403,-1.0517183464583264,0.5893762739515225,-0.40754874491591336
S171,C,0.4064726087536937,283,0.11715147348435562,-0.3313577407039907,-1.4647916792768036,0.9191905692470143
S380,C,0.4056987161668144,284,0.5478676838294491,-0.5570190807475814,-1.50172115447453,0.3062300029420695
S135,C,0.4030942331220901,285,0.6200669918269188,-0.4706733252322848,-1.6742859489044535,0.19219035073136867
S225,B,0.40248177777827515,286,-0.17872311577524985,-1.049988669241482,0.6063482165774483,-0.3953853997958429
S234,C,0.39911257163338293,287,0.5463269196932586,-0.5363000737308652,-1.5661999210763278,0.20755857553643273
S349,C,0.39886477882936455,288,-0.06955869239442275,-0.307176725446213,-1.4069617724750834,1.0398871204508786
S193,B,0.39850649431659263,289,-0.2274492955658594,-1.0498529172597495,0.6167429032174354,-0.39708574954325965
S059,C,0.3984891134899425,290,0.6221753396837569,-0.6046369377896907,-1.5407761997482967,0.08518358465868611
S050,B,0.3982803246756177,291,-0.3796910009481459,-1.0252062062635185,0.6940222876448232,-0.20122576081245375
S228,C,0.3973746954165437,292,0.5581164414393996,-0.46568216815680885,-1.6709417122319263,0.18037827360821465
S267,C,0.39691643008436217,293,0.46429122651626525,-0.6345203672186572,-1.4011853181869776,0.25407839479545635
S141,B,0.39681298252789227,294,-0.7961845474696746,-0.9895942008715758,0.9381053298901462,0.3150447921427033
S355,C,0.3948689428634162,295,0.5397030717534591,-0.4561408654832344,-1.6845596359551531,0.16561604684042927
S326,C,0.3931549565114366,296,0.5767612101029589,-0.5534049262842298,-1.6029952919188677,0.06873888490338262
S032,C,0.39181214263544123,297,0.11534231478033438,-0.35209154233036255,-1.527175508987182,0.680967096030339
S143,A,0.38954787864535245,298,-2.013130241341923,1.4706309331547356,0.7919361003376352,-0.6286997979637035
S235,B,0.3883459160208414,299,-0.1965687671807742,-1.078158013552441,0.5675047992498834,-0.6062357096507939
S180,B,0.3852409782310641,300,-0.4116060489450655,-1.053021923435879,0.6713199653114603,-0.37626503652126686
S070,C,0.3821271555464848,301,0.03245327321970828,-0.4532808742704979,-1.4030907110331068,0.6070534683907288
S232,B,0.38186922647410954,302,0.08113859166549647,-1.139950610633922,0.40520713616652054,-1.078089752040304
S188,B,0.38137743205066216,303,-0.31885303955135963,-1.0595892948843848,0.5900154765116257,-0.5585141559460737
S360,B,0.3809801599721062,304,-0.5226224467398317,-1.1019809370537743,0.7835506508391693,-0.3134334071280907
S313,C,0.38093147765203833,305,0.08240826253082363,-0.397203423316415,-1.5146087599271323,0.5374461203876655
S146,B,0.3805603707012666,306,-0.791087670377795,-1.0602026620702714,0.9213063569016632,0.03187141533390119
S008,C,0.3787974550228144,307,0.3978722016217603,-0.4241900754884289,-1.7198592283599217,0.09522841950610436
S060,C,0.3787248141029085,308,0.35572001407428117,-0.4360651041885253,-1.6755827456806323,0.14478997244343236
S085,C,0.37811955011165777,309,0.2838332945771454,-0.4271653828980235,-1.6389432989918729,0.2288660768023679
S279,C,0.37714633196740954,310,0.26704208906429167,-0.5756557918794913,-1.4516927394956816,0.20026408719477337
S368,C,0.37672538943046613,311,0.33034445282049246,-0.4353729139005347,-1.6704694578683879,0.14514565332728832
S345,C,0.37560048557979164,312,0.30642482810476357,-0.43794417559544696,-1.6570741994916807,0.15690781704094067
S036,B,0.3733165247520497,313,-0.43118786772524087,-1.0643119914569636,0.6267936909015741,-0.545807513100398
S207,C,0.37322802902168895,314,0.20815783581243638,-0.4592744115865879,-1.5756048541655288,0.2394026334169864
S384,C,0.373050101714868,315,0.30749679075272607,-0.42636446193684163,-1.687533195297004,0.1173385591655943
S088,B,0.36860953898457804,316,-0.6163950237970781,-1.1454353068108212,0.8284482107128718,-0.40300808208022015
S216,B,0.3669048908303658,317,-0.6573854205400742,-1.0669697459686833,0.7517268552551136,-0.360218998494915
S256,B,0.36499613791484053,318,-0.7880680799826221,-1.0472230075306126,0.8095199095201467,-0.2201983150961474
S377,C,0.3597322463377529,319,-0.0031482658721253853,-0.38339189449804034,-1.5989813791279825,0.3086278248564922
S092,B,0.35813133723170926,320,-0.8583761461376223,-1.041291759381202,0.8108178616966776,-0.2396893483637244
S310,B,0.35789757611529593,321,-0.756017931081595,-1.0615459262768934,0.7609865643085735,-0.3783923435282075
S054,B,0.356622472944836,322,-0.5093240731684201,-1.1325089584967976,0.6637516163472914,-0.7294783092510456
S347,C,0.35258868630457285,323,0.1958875211945477,-0.4294554329312339,-1.7283067916813835,-0.0702056019442843
S397,B,0.3521634876172749,324,-0.4299537440675467,-1.1002156305207096,0.541302480458905,-0.8957519387430671
S186,C,0.35201505687138146,325,-0.24876646130565247,-0.5733409129061522,-1.239534946095957,0.4545565959312411
S324,B,0.35095942865081226,326,-0.816051325445126,-1.0632548062977971,0.7638636451329076,-0.4139670647315237
S173,C,0.3487938819157197,327,0.10144607541503803,-0.3701987237649216,-1.7559353217034772,0.0023286266151380844
S392,B,0.3469375079609938,328,-0.8274174206891278,-1.0650194725889761,0.7496844062834477,-0.4645176995672123
S253,C,0.34674455189521275,329,-0.7573050915312403,-0.28100046972326465,-1.2642883183087028,1.0836821418445668
S169,B,0.34553736268222546,330,-0.8980636267497335,-1.0503071391622827,0.7738609599072294,-0.3939495020218155
S133,C,0.3442218669210448,331,-0.31606264974386983,-0.35069214532494075,-1.5093165152929298,0.46479169816983507
S172,B,0.34351061759748414,332,-0.829570847636522,-1.0721527079744462,0.739132866803104,-0.5185354736656913
S011,C,0.3415421499696847,333,-0.2091364084986624,-0.37429723544806914,-1.5732670044485637,0.28031597680073217
S236,C,0.3393944946372061,334,-0.08689227148453786,-0.38476627431580246,-1.6606784717199776,0.08753312637761054
S174,B,0.3364981664222713,335,-0.9775477193629181,-1.052058324431499,0.777843418257473,-0.4384332134524825
S013,C,0.33617001261668555,336,-0.14699082315878412,-0.38973034361250014,-1.63128399644761,0.11105830118218937
S369,C,0.33499823277389956,337,0.3515351931343765,-0.5197616027164536,-1.8359975570307503,-0.5721203952056585
S275,A,0.3304883834313508,338,-2.67689152148785,1.5284416423342944,0.860021617611629,-0.7534237396471303
S329,A,0.3300215624748651,339,-2.6558000238449013,1.5233141784069046,0.8477642870318761,-0.7880682958706521
S175,B,0.32876002257051384,340,-1.0153563056981343,-1.064050332150469,0.7723620008712583,-0.5172824891119604
S090,C,0.3273933213823186,341,0.10800790234144877,-0.5340887495208051,-1.6906359452154152,-0.3878899132957484
S305,C,0.32590736868904885,342,-0.26630478286418807,-0.37563346708263046,-1.6254512758458515,0.10102668245108123
S044,C,0.32573177545630816,343,-0.2705725942370694,-0.3754454793130615,-1.6236662678655454,0.10363279311544668
S282,A,0.32295892269010323,344,-2.8118915072404067,1.5443508594468258,0.8946207830599916,-0.7037443419418046
S033,C,0.3189467086115323,345,-0.36782333653956756,-0.37424298358086694,-1.5968478402456285,0.11858957157509473
S239,C,0.3184365864349464,346,-0.6789285931747432,-0.5378981332154988,-1.1794709178073548,0.4705644457641217
S271,C,0.31804153806273605,347,-0.3122693680108697,-0.4165564790370573,-1.5907806010344037,0.024100860618680307
S362,C,0.3172554805443861,348,-0.8674080107129565,-0.2948041749612331,-1.3477704808053426,0.7464608785961975
S098,B,0.31324634076047436,349,-1.299819662924022,-1.0726376372227453,0.8910375105534695,-0.40544928668307717
S206,C,0.31184472702234295,350,-0.46195975202346223,-0.3682541162659787,-1.5799360562734228,0.12547605813952187
S182,C,0.3098014482836343,351,0.03309875427213654,-0.4872005848907679,-1.8010933383348937,-0.5645840869434119
S149,C,0.3001872113248799,352,-0.6683929317771657,-0.3764830546844642,-1.4938695394325627,0.19984935782128352
S346,B,0.29721307279847337,353,-1.5633065151822543,-1.0624863747632118,0.976004991499566,-0.33491041325911247
S263,C,0.2946549935063068,354,-0.7544558012917537,-0.4355436154522869,-1.3946317017820182,0.20781947664220599
S351,C,0.29391458825974304,355,-0.6608016780060498,-0.3511164275755456,-1.5678952758861713,0.09459243483243182
S342,C,0.2926560646415601,356,-0.6558392535954959,-0.369856689555631,-1.5561710750278168,0.06364596778446227
S338,B,0.29122101476783707,357,-1.6200990625564033,-1.012648521211229,0.921953450087473,-0.35115612395782786
S383,C,0.29095985749511305,358,-0.2410615237955982,-0.45695688522668276,-1.756423341412607,-0.5117416891711023
S110,C,0.2877333119593363,359,-0.7184312173241665,-0.42402444548145546,-1.476401161832643,0.05330122548573444
S314,C,0.28604541656825216,360,-1.1225436540553961,-0.4759519338774696,-1.1355725868213855,0.5298483549869325
S055,B,0.2855213684325552,361,-1.6515028370227347,-1.050163444981972,0.953274551433707,-0.4081857132762082
S210,C,0.28503178785553424,362,-0.816825754643217,-0.37414297767208526,-1.4786609084003546,0.1397930729688894
S039,C,0.2841031618328719,363,-0.24118204526234951,-0.4654277228210961,-1.787801026286795,-0.6235286171763236
S270,C,0.28278688923744777,364,-0.6293262337510563,-0.3911366726651244,-1.609353326356116,-0.13325656886710205
S364,B,0.2815734141789141,365,-1.7451775765397006,-1.0364208323631257,0.9809018114147757,-0.3513571760747244
S367,B,0.28152678365679934,366,-1.6652950680430343,-1.0541900993182183,0.9444924178696036,-0.45680292692329766
S040,B,0.28063924892655845,367,-1.7271567687455422,-1.0386313445222584,0.9659919118540939,-0.39118058432426467
S357,C,0.279804140003693,368,-0.4156358899616845,-0.4493092668547696,-1.709062551810105,-0.46672248131804583
S031,B,0.2728246444649712,369,-1.8309964357284652,-1.0271955673598447,0.9816055953813382,-0.38611939640384413
S025,C,0.2713369041485543,370,-0.9608505993554429,-0.3852124558814414,-1.4500254532314516,0.10705474729784689
S129,C,0.26761168397129115,371,-1.2293595408213032,-0.36500515522015453,-1.3060072743882298,0.3943168012624439
S379,C,0.2647464647299898,372,-0.6106158141466694,-0.42680639774241347,-1.688296213665208,-0.4559597534305545
S113,C,0.26171025095893585,373,-1.00310395156252,-0.3954033791900762,-1.4658047696949383,0.003643243590972655
S213,C,0.244601309300976,374,-1.3048776359562257,-0.3707580679137863,-1.3846245234669916,0.11900768954953331
S076,C,0.24349321586827533,375,-1.4084681526855372,-0.3747088186870091,-1.3129388810949207,0.2327068568456909
S067,C,0.24277430077367654,376,-1.3811146310125268,-0.3602737905401552,-1.3541156908428453,0.18918256719799018
S003,C,0.23894016019751008,377,-1.3859789877120887,-0.3831381164003873,-1.342443177331461,0.12325746755678632
S086,C,0.2341863030837431,378,-1.5931772942948552,-0.32542680916764777,-1.2924490043519574,0.32205079556579974
S245,C,0.23051592209834118,379,-1.0297373113053996,-0.44410077398787795,-1.5770130739399613,-0.4748252672198007
S131,B,0.22518037172940267,380,-2.54052278946656,-0.9467879889728034,1.1302471358280155,-0.2727524096397444
S244,C,0.21902319036165577,381,-1.674724451230769,-0.38490697970036325,-1.2545165983986168,0.16952439870121047
S308,B,0.21870637849221813,382,-2.4481619730259814,-1.003300151036816,1.0937929607713337,-0.507265436965445
S330,B,0.2173168251251066,383,-2.4569295124995625,-0.9988364587740345,1.086071296625276,-0.5172652068777366
S037,C,0.21378782156940707,384,-1.5634307144876645,-0.36148771724556505,-1.3829584155588734,-0.06742625684744666
S074,C,0.2130287553116974,385,-1.177208902830238,-0.43165487268061,-1.5894231344159664,-0.5706071948598205
S080,C,0.21298895290741163,386,-1.728025812388223,-0.37557886010433217,-1.2635857501665937,0.14124568382105393
S294,C,0.21268353085979375,387,-1.7307783181250358,-0.3754895313714086,-1.26369952164251,0.1400287008734777
S218,C,0.21102647078626496,388,-1.766540948030375,-0.3729218151317617,-1.2523368304573532,0.16093478929412805
S139,B,0.19874827772672643,389,-2.6582211858526086,-0.9458815679029026,1.05740150619656,-0.5544311930785392
S340,B,0.19434019194965146,390,-2.837235969455764,-0.9318975788708902,1.1471247451252344,-0.40245690922858374
S229,A,0.19162057020977918,391,-4.153561400515623,1.6313966260151627,1.0057570998118182,-1.1691792558945273
S365,C,0.18965985293264548,392,-1.9937146886473873,-0.3567347031653345,-1.2315751643377775,0.09877100282733728
S284,C,0.18284876407593487,393,-2.0937253085489416,-0.3479105966231455,-1.2107174858178145,0.1163728455155518
S247,C,0.17929256467585583,394,-2.102812418483552,-0.34884757558912116,-1.2216357204153636,0.0661457160656633
S194,C,0.14917799042745478,395,-2.4396919673608193,-0.32275900750829845,-1.1820969407229733,-0.002864489477097299
S108,B,0.13437414737434258,396,-3.349928724622658,-0.9181497658296763,1.1536657040250555,-0.7414687531568149
S268,C,0.1314165177789531,397,-2.6448082945808085,-0.3053372401641252,-1.156046653632023,-0.0358210829408653
S306,C,0.13078171459610474,398,-2.6366713149958008,-0.3090287930264284,-1.1623133509095844,-0.05563429169035596
S356,C,0.1266640072237833,399,-2.6603104835568168,-0.31081815539324986,-1.166962126711983,-0.0940175866452996
S140,B,0.10270276686172439,400,-3.7401509372189787,-0.8373356019577877,1.16028381430836,-0.7624999332767
S151,C,0.06844222455727447,401,-3.0952012202616537,-0.3211369610702981,-1.1776539500391952,-0.5072373494837535
S361,C,0.0,402,-4.063445550303057,-0.20097357809052796,-1.0076989193370016,-0.40611440944876065
