dataset,threshold,acc,f1,recall,specificity,youden_j
Zeller,0.000000,0.396694,0.568047,1.000000,0.000000,0.000000
Zeller,0.000001,0.396694,0.568047,1.000000,0.000000,0.000000
Zeller,0.000010,0.404959,0.571429,1.000000,0.013699,0.013699
Zeller,0.000015,0.413223,0.574850,1.000000,0.027397,0.027397
Zeller,0.000019,0.421488,0.578313,1.000000,0.041096,0.041096
Zeller,0.000021,0.429752,0.581818,1.000000,0.054795,0.054795
Zeller,0.000049,0.438017,0.585366,1.000000,0.068493,0.068493
Zeller,0.000055,0.446281,0.588957,1.000000,0.082192,0.082192
Zeller,0.000070,0.454545,0.592593,1.000000,0.095890,0.095890
Zeller,0.000098,0.462810,0.596273,1.000000,0.109589,0.109589
Zeller,0.000102,0.471074,0.600000,1.000000,0.123288,0.123288
Zeller,0.000128,0.479339,0.603774,1.000000,0.136986,0.136986
Zeller,0.000204,0.487603,0.607595,1.000000,0.150685,0.150685
Zeller,0.000241,0.495868,0.611465,1.000000,0.164384,0.164384
Zeller,0.000244,0.504132,0.615385,1.000000,0.178082,0.178082
Zeller,0.000290,0.512397,0.619355,1.000000,0.191781,0.191781
Zeller,0.000300,0.520661,0.623377,1.000000,0.205479,0.205479
Zeller,0.000324,0.528926,0.627451,1.000000,0.219178,0.219178
Zeller,0.000326,0.537190,0.631579,1.000000,0.232877,0.232877
Zeller,0.000356,0.545455,0.635762,1.000000,0.246575,0.246575
Zeller,0.000509,0.553719,0.640000,1.000000,0.260274,0.260274
Zeller,0.000617,0.561983,0.644295,1.000000,0.273973,0.273973
Zeller,0.000688,0.553719,0.635135,0.979167,0.273973,0.253139
Zeller,0.000740,0.561983,0.639456,0.979167,0.287671,0.266838
Zeller,0.000931,0.570248,0.643836,0.979167,0.301370,0.280537
Zeller,0.001106,0.561983,0.634483,0.958333,0.301370,0.259703
Zeller,0.001491,0.553719,0.625000,0.937500,0.301370,0.238870
Zeller,0.002050,0.545455,0.615385,0.916667,0.301370,0.218037
Zeller,0.002091,0.553719,0.619718,0.916667,0.315068,0.231735
Zeller,0.002525,0.561983,0.624113,0.916667,0.328767,0.245434
Zeller,0.002972,0.553719,0.614286,0.895833,0.328767,0.224600
Zeller,0.004083,0.561983,0.618705,0.895833,0.342466,0.238299
Zeller,0.004883,0.570248,0.623188,0.895833,0.356164,0.251998
Zeller,0.005465,0.578512,0.627737,0.895833,0.369863,0.265696
Zeller,0.005913,0.586777,0.632353,0.895833,0.383562,0.279395
Zeller,0.006477,0.595041,0.637037,0.895833,0.397260,0.293094
Zeller,0.006994,0.603306,0.641791,0.895833,0.410959,0.306792
Zeller,0.007207,0.611570,0.646617,0.895833,0.424658,0.320491
Zeller,0.007819,0.619835,0.651515,0.895833,0.438356,0.334189
Zeller,0.008098,0.611570,0.641221,0.875000,0.438356,0.313356
Zeller,0.008743,0.619835,0.646154,0.875000,0.452055,0.327055
Zeller,0.011146,0.628099,0.651163,0.875000,0.465753,0.340753
Zeller,0.014161,0.619835,0.640625,0.854167,0.465753,0.319920
Zeller,0.014709,0.628099,0.645669,0.854167,0.479452,0.333619
Zeller,0.015752,0.636364,0.650794,0.854167,0.493151,0.347317
Zeller,0.017242,0.644628,0.656000,0.854167,0.506849,0.361016
Zeller,0.019976,0.652893,0.661290,0.854167,0.520548,0.374715
Zeller,0.020599,0.644628,0.650407,0.833333,0.520548,0.353881
Zeller,0.023332,0.652893,0.655738,0.833333,0.534247,0.367580
Zeller,0.025368,0.661157,0.661157,0.833333,0.547945,0.381279
Zeller,0.027852,0.669421,0.666667,0.833333,0.561644,0.394977
Zeller,0.030049,0.677686,0.672269,0.833333,0.575342,0.408676
Zeller,0.031067,0.685950,0.677966,0.833333,0.589041,0.422374
Zeller,0.035736,0.694215,0.683761,0.833333,0.602740,0.436073
Zeller,0.038351,0.702479,0.689655,0.833333,0.616438,0.449772
Zeller,0.047183,0.710744,0.695652,0.833333,0.630137,0.463470
Zeller,0.048918,0.719008,0.701754,0.833333,0.643836,0.477169
Zeller,0.052522,0.727273,0.707965,0.833333,0.657534,0.490868
Zeller,0.067566,0.719008,0.696429,0.812500,0.657534,0.470034
Zeller,0.074484,0.727273,0.702703,0.812500,0.671233,0.483733
Zeller,0.086554,0.735537,0.709091,0.812500,0.684932,0.497432
Zeller,0.092906,0.727273,0.697248,0.791667,0.684932,0.476598
Zeller,0.098662,0.735537,0.703704,0.791667,0.698630,0.490297
Zeller,0.118172,0.743802,0.710280,0.791667,0.712329,0.503995
Zeller,0.140330,0.735537,0.698113,0.770833,0.712329,0.483162
Zeller,0.154286,0.743802,0.704762,0.770833,0.726027,0.496861
Zeller,0.167265,0.735537,0.692308,0.750000,0.726027,0.476027
Zeller,0.185691,0.743802,0.699029,0.750000,0.739726,0.489726
Zeller,0.214959,0.735537,0.686275,0.729167,0.739726,0.468893
Zeller,0.215707,0.743802,0.693069,0.729167,0.753425,0.482591
Zeller,0.234337,0.735537,0.680000,0.708333,0.753425,0.461758
Zeller,0.245586,0.727273,0.666667,0.687500,0.753425,0.440925
Zeller,0.249656,0.719008,0.653061,0.666667,0.753425,0.420091
Zeller,0.252011,0.710744,0.639175,0.645833,0.753425,0.399258
Zeller,0.335922,0.719008,0.645833,0.645833,0.767123,0.412957
Zeller,0.346813,0.727273,0.652632,0.645833,0.780822,0.426655
Zeller,0.358154,0.719008,0.638298,0.625000,0.780822,0.405822
Zeller,0.426764,0.710744,0.623656,0.604167,0.780822,0.384989
Zeller,0.471196,0.719008,0.630435,0.604167,0.794521,0.398687
Zeller,0.517685,0.727273,0.637363,0.604167,0.808219,0.412386
Zeller,0.561083,0.735537,0.644444,0.604167,0.821918,0.426084
Zeller,0.637738,0.743802,0.651685,0.604167,0.835616,0.439783
Zeller,0.655266,0.752066,0.659091,0.604167,0.849315,0.453482
Zeller,0.718636,0.760331,0.666667,0.604167,0.863014,0.467180
Zeller,0.763280,0.768595,0.674419,0.604167,0.876712,0.480879
Zeller,0.763483,0.760331,0.658824,0.583333,0.876712,0.460046
Zeller,0.765919,0.768595,0.666667,0.583333,0.890411,0.473744
Zeller,0.772252,0.760331,0.650602,0.562500,0.890411,0.452911
Zeller,0.812133,0.752066,0.634146,0.541667,0.890411,0.432078
Zeller,0.813359,0.743802,0.617284,0.520833,0.890411,0.411244
Zeller,0.830811,0.752066,0.625000,0.520833,0.904110,0.424943
Zeller,0.847863,0.760331,0.632911,0.520833,0.917808,0.438642
Zeller,0.884528,0.752066,0.615385,0.500000,0.917808,0.417808
Zeller,0.899913,0.743802,0.597403,0.479167,0.917808,0.396975
Zeller,0.935707,0.752066,0.605263,0.479167,0.931507,0.410674
Zeller,0.935737,0.743802,0.586667,0.458333,0.931507,0.389840
Zeller,0.942304,0.735537,0.567568,0.437500,0.931507,0.369007
Zeller,0.950446,0.727273,0.547945,0.416667,0.931507,0.348174
Zeller,0.954212,0.719008,0.527778,0.395833,0.931507,0.327340
Zeller,0.961980,0.727273,0.535211,0.395833,0.945205,0.341039
Zeller,0.968035,0.719008,0.514286,0.375000,0.945205,0.320205
Zeller,0.971825,0.710744,0.492754,0.354167,0.945205,0.299372
Zeller,0.972691,0.702479,0.470588,0.333333,0.945205,0.278539
Zeller,0.986797,0.694215,0.447761,0.312500,0.945205,0.257705
Zeller,0.988955,0.685950,0.424242,0.291667,0.945205,0.236872
Zeller,0.995247,0.677686,0.400000,0.270833,0.945205,0.216039
Zeller,0.995570,0.669421,0.375000,0.250000,0.945205,0.195205
Zeller,0.996199,0.677686,0.380952,0.250000,0.958904,0.208904
Zeller,0.996392,0.669421,0.354839,0.229167,0.958904,0.188071
Zeller,0.996968,0.661157,0.327869,0.208333,0.958904,0.167237
Zeller,0.998395,0.652893,0.300000,0.187500,0.958904,0.146404
Zeller,0.998517,0.644628,0.271186,0.166667,0.958904,0.125571
Zeller,0.998790,0.636364,0.241379,0.145833,0.958904,0.104737
Zeller,0.999338,0.628099,0.210526,0.125000,0.958904,0.083904
Zeller,0.999513,0.636364,0.214286,0.125000,0.972603,0.097603
Zeller,0.999634,0.628099,0.181818,0.104167,0.972603,0.076769
Zeller,0.999644,0.619835,0.148148,0.083333,0.972603,0.055936
Zeller,0.999770,0.611570,0.113208,0.062500,0.972603,0.035103
Zeller,0.999829,0.619835,0.115385,0.062500,0.986301,0.048801
Zeller,0.999881,0.611570,0.078431,0.041667,0.986301,0.027968
Zeller,0.999911,0.603306,0.040000,0.020833,0.986301,0.007135
Zeller,0.999992,0.611570,0.040816,0.020833,1.000000,0.020833
Zeller,1.000000,0.603306,0.000000,0.000000,1.000000,0.000000
metahit,0.000000,0.227273,0.370370,1.000000,0.000000,0.000000
metahit,0.000000,0.227273,0.370370,1.000000,0.000000,0.000000
metahit,0.000001,0.236364,0.373134,1.000000,0.011765,0.011765
metahit,0.000001,0.245455,0.375940,1.000000,0.023529,0.023529
metahit,0.000003,0.254545,0.378788,1.000000,0.035294,0.035294
metahit,0.000004,0.263636,0.381679,1.000000,0.047059,0.047059
metahit,0.000004,0.272727,0.384615,1.000000,0.058824,0.058824
metahit,0.000008,0.281818,0.387597,1.000000,0.070588,0.070588
metahit,0.000010,0.290909,0.390625,1.000000,0.082353,0.082353
metahit,0.000011,0.300000,0.393701,1.000000,0.094118,0.094118
metahit,0.000014,0.309091,0.396825,1.000000,0.105882,0.105882
metahit,0.000028,0.318182,0.400000,1.000000,0.117647,0.117647
metahit,0.000029,0.327273,0.403226,1.000000,0.129412,0.129412
metahit,0.000031,0.336364,0.406504,1.000000,0.141176,0.141176
metahit,0.000035,0.345455,0.409836,1.000000,0.152941,0.152941
metahit,0.000039,0.354545,0.413223,1.000000,0.164706,0.164706
metahit,0.000074,0.363636,0.416667,1.000000,0.176471,0.176471
metahit,0.000082,0.372727,0.420168,1.000000,0.188235,0.188235
metahit,0.000084,0.381818,0.423729,1.000000,0.200000,0.200000
metahit,0.000090,0.390909,0.427350,1.000000,0.211765,0.211765
metahit,0.000110,0.400000,0.431034,1.000000,0.223529,0.223529
metahit,0.000124,0.390909,0.417391,0.960000,0.223529,0.183529
metahit,0.000146,0.400000,0.421053,0.960000,0.235294,0.195294
metahit,0.000191,0.409091,0.424779,0.960000,0.247059,0.207059
metahit,0.000196,0.418182,0.428571,0.960000,0.258824,0.218824
metahit,0.000198,0.427273,0.432432,0.960000,0.270588,0.230588
metahit,0.000211,0.436364,0.436364,0.960000,0.282353,0.242353
metahit,0.000215,0.445455,0.440367,0.960000,0.294118,0.254118
metahit,0.000216,0.454545,0.444444,0.960000,0.305882,0.265882
metahit,0.000227,0.463636,0.448598,0.960000,0.317647,0.277647
metahit,0.000236,0.472727,0.452830,0.960000,0.329412,0.289412
metahit,0.000291,0.481818,0.457143,0.960000,0.341176,0.301176
metahit,0.000364,0.490909,0.461538,0.960000,0.352941,0.312941
metahit,0.000486,0.500000,0.466019,0.960000,0.364706,0.324706
metahit,0.000548,0.509091,0.470588,0.960000,0.376471,0.336471
metahit,0.000590,0.518182,0.475248,0.960000,0.388235,0.348235
metahit,0.000667,0.527273,0.480000,0.960000,0.400000,0.360000
metahit,0.000806,0.536364,0.484848,0.960000,0.411765,0.371765
metahit,0.001113,0.545455,0.489796,0.960000,0.423529,0.383529
metahit,0.001284,0.554545,0.494845,0.960000,0.435294,0.395294
metahit,0.001381,0.563636,0.500000,0.960000,0.447059,0.407059
metahit,0.001494,0.572727,0.505263,0.960000,0.458824,0.418824
metahit,0.001644,0.581818,0.510638,0.960000,0.470588,0.430588
metahit,0.001695,0.590909,0.516129,0.960000,0.482353,0.442353
metahit,0.001757,0.600000,0.521739,0.960000,0.494118,0.454118
metahit,0.002163,0.609091,0.527473,0.960000,0.505882,0.465882
metahit,0.002440,0.618182,0.533333,0.960000,0.517647,0.477647
metahit,0.002460,0.627273,0.539326,0.960000,0.529412,0.489412
metahit,0.002648,0.636364,0.545455,0.960000,0.541176,0.501176
metahit,0.002662,0.645455,0.551724,0.960000,0.552941,0.512941
metahit,0.002816,0.654545,0.558140,0.960000,0.564706,0.524706
metahit,0.003001,0.663636,0.564706,0.960000,0.576471,0.536471
metahit,0.003081,0.672727,0.571429,0.960000,0.588235,0.548235
metahit,0.003281,0.681818,0.578313,0.960000,0.600000,0.560000
metahit,0.004503,0.690909,0.585366,0.960000,0.611765,0.571765
metahit,0.005207,0.700000,0.592593,0.960000,0.623529,0.583529
metahit,0.007416,0.709091,0.600000,0.960000,0.635294,0.595294
metahit,0.007968,0.718182,0.607595,0.960000,0.647059,0.607059
metahit,0.008624,0.727273,0.615385,0.960000,0.658824,0.618824
metahit,0.009051,0.718182,0.597403,0.920000,0.658824,0.578824
metahit,0.009238,0.727273,0.605263,0.920000,0.670588,0.590588
metahit,0.009297,0.736364,0.613333,0.920000,0.682353,0.602353
metahit,0.011028,0.727273,0.594595,0.880000,0.682353,0.562353
metahit,0.011586,0.736364,0.602740,0.880000,0.694118,0.574118
metahit,0.011699,0.745455,0.611111,0.880000,0.705882,0.585882
metahit,0.014296,0.754545,0.619718,0.880000,0.717647,0.597647
metahit,0.014864,0.763636,0.628571,0.880000,0.729412,0.609412
metahit,0.015649,0.772727,0.637681,0.880000,0.741176,0.621176
metahit,0.017808,0.763636,0.617647,0.840000,0.741176,0.581176
metahit,0.019844,0.772727,0.626866,0.840000,0.752941,0.592941
metahit,0.022791,0.781818,0.636364,0.840000,0.764706,0.604706
metahit,0.031096,0.790909,0.646154,0.840000,0.776471,0.616471
metahit,0.033271,0.800000,0.656250,0.840000,0.788235,0.628235
metahit,0.045744,0.809091,0.666667,0.840000,0.800000,0.640000
metahit,0.046156,0.818182,0.677419,0.840000,0.811765,0.651765
metahit,0.052708,0.809091,0.655738,0.800000,0.811765,0.611765
metahit,0.062050,0.818182,0.666667,0.800000,0.823529,0.623529
metahit,0.073734,0.827273,0.677966,0.800000,0.835294,0.635294
metahit,0.098104,0.836364,0.689655,0.800000,0.847059,0.647059
metahit,0.118045,0.827273,0.666667,0.760000,0.847059,0.607059
metahit,0.118173,0.836364,0.678571,0.760000,0.858824,0.618824
metahit,0.126887,0.845455,0.690909,0.760000,0.870588,0.630588
metahit,0.142154,0.854545,0.703704,0.760000,0.882353,0.642353
metahit,0.271825,0.845455,0.679245,0.720000,0.882353,0.602353
metahit,0.286743,0.836364,0.653846,0.680000,0.882353,0.562353
metahit,0.288565,0.845455,0.666667,0.680000,0.894118,0.574118
metahit,0.344255,0.854545,0.680000,0.680000,0.905882,0.585882
metahit,0.346996,0.845455,0.653061,0.640000,0.905882,0.545882
metahit,0.378315,0.854545,0.666667,0.640000,0.917647,0.557647
metahit,0.518043,0.863636,0.680851,0.640000,0.929412,0.569412
metahit,0.539644,0.854545,0.652174,0.600000,0.929412,0.529412
metahit,0.551831,0.845455,0.622222,0.560000,0.929412,0.489412
metahit,0.554664,0.836364,0.590909,0.520000,0.929412,0.449412
metahit,0.624629,0.845455,0.604651,0.520000,0.941176,0.461176
metahit,0.657504,0.854545,0.619048,0.520000,0.952941,0.472941
metahit,0.696598,0.845455,0.585366,0.480000,0.952941,0.432941
metahit,0.718710,0.836364,0.550000,0.440000,0.952941,0.392941
metahit,0.844368,0.827273,0.512821,0.400000,0.952941,0.352941
metahit,0.895864,0.818182,0.473684,0.360000,0.952941,0.312941
metahit,0.934999,0.827273,0.486486,0.360000,0.964706,0.324706
metahit,0.956022,0.818182,0.444444,0.320000,0.964706,0.284706
metahit,0.987401,0.809091,0.400000,0.280000,0.964706,0.244706
metahit,0.987607,0.800000,0.352941,0.240000,0.964706,0.204706
metahit,0.991851,0.790909,0.303030,0.200000,0.964706,0.164706
metahit,0.993365,0.800000,0.312500,0.200000,0.976471,0.176471
metahit,0.993899,0.790909,0.258065,0.160000,0.976471,0.136471
metahit,0.995484,0.800000,0.266667,0.160000,0.988235,0.148235
metahit,0.995984,0.790909,0.206897,0.120000,0.988235,0.108235
metahit,0.998053,0.781818,0.142857,0.080000,0.988235,0.068235
metahit,0.998977,0.772727,0.074074,0.040000,0.988235,0.028235
metahit,0.999723,0.781818,0.076923,0.040000,1.000000,0.040000
metahit,1.000000,0.772727,0.000000,0.000000,1.000000,0.000000
Chatelier,0.000000,0.648221,0.000000,0.000000,0.000000,0.000000
Chatelier,0.000000,0.648221,0.000000,0.000000,0.000000,0.000000
Chatelier,0.000001,0.652174,0.022222,0.011236,0.011236,0.011236
Chatelier,0.000001,0.656126,0.043956,0.022472,0.022472,0.022472
Chatelier,0.000001,0.660079,0.065217,0.033708,0.033708,0.033708
Chatelier,0.000002,0.656126,0.064516,0.033708,0.033708,0.027610
Chatelier,0.000004,0.660079,0.085106,0.044944,0.044944,0.038846
Chatelier,0.000005,0.664032,0.105263,0.056180,0.056180,0.050082
Chatelier,0.000005,0.660079,0.104167,0.056180,0.056180,0.043985
Chatelier,0.000007,0.656126,0.103093,0.056180,0.056180,0.037887
Chatelier,0.000010,0.652174,0.102041,0.056180,0.056180,0.031790
Chatelier,0.000011,0.656126,0.121212,0.067416,0.067416,0.043025
Chatelier,0.000015,0.652174,0.120000,0.067416,0.067416,0.036928
Chatelier,0.000025,0.648221,0.118812,0.067416,0.067416,0.030830
Chatelier,0.000026,0.644269,0.117647,0.067416,0.067416,0.024733
Chatelier,0.000027,0.640316,0.116505,0.067416,0.067416,0.018635
Chatelier,0.000049,0.644269,0.134615,0.078652,0.078652,0.029871
Chatelier,0.000049,0.648221,0.152381,0.089888,0.089888,0.041107
Chatelier,0.000087,0.652174,0.169811,0.101124,0.101124,0.052343
Chatelier,0.000093,0.656126,0.186916,0.112360,0.112360,0.063579
Chatelier,0.000107,0.660079,0.203704,0.123596,0.123596,0.074815
Chatelier,0.000187,0.656126,0.201835,0.123596,0.123596,0.068717
Chatelier,0.000198,0.652174,0.200000,0.123596,0.123596,0.062620
Chatelier,0.000210,0.656126,0.216216,0.134831,0.134831,0.073856
Chatelier,0.000222,0.660079,0.232143,0.146067,0.146067,0.085092
Chatelier,0.000226,0.664032,0.247788,0.157303,0.157303,0.096328
Chatelier,0.000263,0.660079,0.245614,0.157303,0.157303,0.090230
Chatelier,0.000491,0.656126,0.243478,0.157303,0.157303,0.084133
Chatelier,0.000537,0.652174,0.241379,0.157303,0.157303,0.078035
Chatelier,0.000591,0.648221,0.239316,0.157303,0.157303,0.071938
Chatelier,0.000796,0.652174,0.254237,0.168539,0.168539,0.083173
Chatelier,0.000878,0.648221,0.252101,0.168539,0.168539,0.077076
Chatelier,0.000954,0.652174,0.266667,0.179775,0.179775,0.088312
Chatelier,0.001786,0.656126,0.280992,0.191011,0.191011,0.099548
Chatelier,0.003347,0.652174,0.278689,0.191011,0.191011,0.093450
Chatelier,0.003920,0.656126,0.292683,0.202247,0.202247,0.104686
Chatelier,0.004003,0.652174,0.290323,0.202247,0.202247,0.098589
Chatelier,0.004980,0.656126,0.304000,0.213483,0.213483,0.109825
Chatelier,0.005153,0.660079,0.317460,0.224719,0.224719,0.121061
Chatelier,0.005296,0.656126,0.314961,0.224719,0.224719,0.114963
Chatelier,0.005771,0.652174,0.312500,0.224719,0.224719,0.108865
Chatelier,0.006102,0.648221,0.310078,0.224719,0.224719,0.102768
Chatelier,0.008527,0.652174,0.323077,0.235955,0.235955,0.114004
Chatelier,0.008569,0.656126,0.335878,0.247191,0.247191,0.125240
Chatelier,0.013218,0.652174,0.333333,0.247191,0.247191,0.119142
Chatelier,0.016314,0.648221,0.330827,0.247191,0.247191,0.113045
Chatelier,0.016981,0.652174,0.343284,0.258427,0.258427,0.124281
Chatelier,0.018118,0.656126,0.355556,0.269663,0.269663,0.135517
Chatelier,0.020453,0.660079,0.367647,0.280899,0.280899,0.146753
Chatelier,0.020455,0.664032,0.379562,0.292135,0.292135,0.157988
Chatelier,0.023224,0.667984,0.391304,0.303371,0.303371,0.169224
Chatelier,0.025064,0.664032,0.388489,0.303371,0.303371,0.163127
Chatelier,0.026597,0.660079,0.385714,0.303371,0.303371,0.157029
Chatelier,0.028567,0.664032,0.397163,0.314607,0.314607,0.168265
Chatelier,0.029123,0.667984,0.408451,0.325843,0.325843,0.179501
Chatelier,0.029447,0.671937,0.419580,0.337079,0.337079,0.190737
Chatelier,0.030894,0.667984,0.416667,0.337079,0.337079,0.184640
Chatelier,0.033906,0.664032,0.413793,0.337079,0.337079,0.178542
Chatelier,0.036342,0.667984,0.424658,0.348315,0.348315,0.189778
Chatelier,0.038221,0.664032,0.421769,0.348315,0.348315,0.183680
Chatelier,0.045825,0.660079,0.418919,0.348315,0.348315,0.177583
Chatelier,0.045858,0.656126,0.416107,0.348315,0.348315,0.171485
Chatelier,0.048036,0.660079,0.426667,0.359551,0.359551,0.182721
Chatelier,0.060584,0.664032,0.437086,0.370787,0.370787,0.193957
Chatelier,0.067032,0.660079,0.434211,0.370787,0.370787,0.187860
Chatelier,0.068903,0.656126,0.431373,0.370787,0.370787,0.181762
Chatelier,0.080854,0.652174,0.428571,0.370787,0.370787,0.175665
Chatelier,0.083739,0.656126,0.438710,0.382022,0.382022,0.186901
Chatelier,0.084615,0.660079,0.448718,0.393258,0.393258,0.198136
Chatelier,0.085609,0.664032,0.458599,0.404494,0.404494,0.209372
Chatelier,0.093838,0.660079,0.455696,0.404494,0.404494,0.203275
Chatelier,0.097020,0.664032,0.465409,0.415730,0.415730,0.214511
Chatelier,0.102775,0.660079,0.462500,0.415730,0.415730,0.208413
Chatelier,0.109193,0.656126,0.459627,0.415730,0.415730,0.202316
Chatelier,0.119069,0.652174,0.456790,0.415730,0.415730,0.196218
Chatelier,0.124321,0.656126,0.466258,0.426966,0.426966,0.207454
Chatelier,0.128656,0.652174,0.463415,0.426966,0.426966,0.201357
Chatelier,0.160725,0.656126,0.472727,0.438202,0.438202,0.212592
Chatelier,0.169289,0.660079,0.481928,0.449438,0.449438,0.223828
Chatelier,0.176706,0.664032,0.491018,0.460674,0.460674,0.235064
Chatelier,0.189322,0.660079,0.488095,0.460674,0.460674,0.228967
Chatelier,0.190867,0.664032,0.497041,0.471910,0.471910,0.240203
Chatelier,0.191916,0.660079,0.494118,0.471910,0.471910,0.234105
Chatelier,0.231363,0.656126,0.491228,0.471910,0.471910,0.228008
Chatelier,0.235166,0.652174,0.488372,0.471910,0.471910,0.221910
Chatelier,0.246077,0.656126,0.497110,0.483146,0.483146,0.233146
Chatelier,0.254514,0.660079,0.505747,0.494382,0.494382,0.244382
Chatelier,0.280172,0.656126,0.502857,0.494382,0.494382,0.238284
Chatelier,0.290693,0.652174,0.500000,0.494382,0.494382,0.232187
Chatelier,0.335389,0.656126,0.508475,0.505618,0.505618,0.243423
Chatelier,0.340300,0.652174,0.505618,0.505618,0.505618,0.237325
Chatelier,0.427175,0.656126,0.513966,0.516854,0.516854,0.248561
Chatelier,0.429783,0.652174,0.511111,0.516854,0.516854,0.242464
Chatelier,0.486759,0.648221,0.508287,0.516854,0.516854,0.236366
Chatelier,0.497661,0.644269,0.505495,0.516854,0.516854,0.230269
Chatelier,0.508220,0.648221,0.513661,0.528090,0.528090,0.241505
Chatelier,0.539439,0.652174,0.521739,0.539326,0.539326,0.252740
Chatelier,0.558841,0.648221,0.518919,0.539326,0.539326,0.246643
Chatelier,0.564771,0.652174,0.526882,0.550562,0.550562,0.257879
Chatelier,0.630630,0.648221,0.524064,0.550562,0.550562,0.251781
Chatelier,0.632248,0.652174,0.531915,0.561798,0.561798,0.263017
Chatelier,0.636124,0.656126,0.539683,0.573034,0.573034,0.274253
Chatelier,0.683346,0.652174,0.536842,0.573034,0.573034,0.268156
Chatelier,0.693600,0.648221,0.534031,0.573034,0.573034,0.262058
Chatelier,0.737034,0.652174,0.541667,0.584270,0.584270,0.273294
Chatelier,0.754515,0.648221,0.538860,0.584270,0.584270,0.267196
Chatelier,0.766911,0.644269,0.536082,0.584270,0.584270,0.261099
Chatelier,0.774598,0.640316,0.533333,0.584270,0.584270,0.255001
Chatelier,0.779828,0.636364,0.530612,0.584270,0.584270,0.248904
Chatelier,0.794151,0.640316,0.538071,0.595506,0.595506,0.260140
Chatelier,0.809270,0.644269,0.545455,0.606742,0.606742,0.271376
Chatelier,0.818145,0.640316,0.542714,0.606742,0.606742,0.265278
Chatelier,0.859790,0.636364,0.540000,0.606742,0.606742,0.259181
Chatelier,0.866780,0.632411,0.537313,0.606742,0.606742,0.253083
Chatelier,0.866791,0.628458,0.534653,0.606742,0.606742,0.246985
Chatelier,0.868965,0.632411,0.541872,0.617978,0.617978,0.258221
Chatelier,0.872475,0.628458,0.539216,0.617978,0.617978,0.252124
Chatelier,0.874927,0.624506,0.536585,0.617978,0.617978,0.246026
Chatelier,0.876513,0.620553,0.533981,0.617978,0.617978,0.239929
Chatelier,0.877709,0.616601,0.531401,0.617978,0.617978,0.233831
Chatelier,0.882490,0.620553,0.538462,0.629213,0.629213,0.245067
Chatelier,0.916636,0.616601,0.535885,0.629213,0.629213,0.238970
Chatelier,0.920229,0.620553,0.542857,0.640449,0.640449,0.250206
Chatelier,0.925959,0.616601,0.540284,0.640449,0.640449,0.244108
Chatelier,0.928277,0.612648,0.537736,0.640449,0.640449,0.238010
Chatelier,0.930711,0.608696,0.535211,0.640449,0.640449,0.231913
Chatelier,0.933068,0.604743,0.532710,0.640449,0.640449,0.225815
Chatelier,0.937858,0.600791,0.530233,0.640449,0.640449,0.219718
Chatelier,0.938847,0.604743,0.537037,0.651685,0.651685,0.230954
Chatelier,0.952508,0.608696,0.543779,0.662921,0.662921,0.242190
Chatelier,0.960699,0.604743,0.541284,0.662921,0.662921,0.236092
Chatelier,0.961152,0.600791,0.538813,0.662921,0.662921,0.229995
Chatelier,0.963104,0.604743,0.545455,0.674157,0.674157,0.241230
Chatelier,0.965100,0.608696,0.552036,0.685393,0.685393,0.252466
Chatelier,0.969923,0.612648,0.558559,0.696629,0.696629,0.263702
Chatelier,0.970708,0.608696,0.556054,0.696629,0.696629,0.257605
Chatelier,0.975524,0.604743,0.553571,0.696629,0.696629,0.251507
Chatelier,0.977993,0.600791,0.551111,0.696629,0.696629,0.245410
Chatelier,0.978005,0.596838,0.548673,0.696629,0.696629,0.239312
Chatelier,0.979528,0.600791,0.555066,0.707865,0.707865,0.250548
Chatelier,0.980661,0.604743,0.561404,0.719101,0.719101,0.261784
Chatelier,0.984410,0.600791,0.558952,0.719101,0.719101,0.255686
Chatelier,0.984970,0.596838,0.556522,0.719101,0.719101,0.249589
Chatelier,0.986140,0.592885,0.554113,0.719101,0.719101,0.243491
Chatelier,0.986500,0.588933,0.551724,0.719101,0.719101,0.237394
Chatelier,0.987006,0.584980,0.549356,0.719101,0.719101,0.231296
Chatelier,0.988043,0.581028,0.547009,0.719101,0.719101,0.225199
Chatelier,0.988087,0.577075,0.544681,0.719101,0.719101,0.219101
Chatelier,0.988309,0.573123,0.542373,0.719101,0.719101,0.213004
Chatelier,0.988574,0.577075,0.548523,0.730337,0.730337,0.224240
Chatelier,0.989587,0.573123,0.546218,0.730337,0.730337,0.218142
Chatelier,0.989693,0.569170,0.543933,0.730337,0.730337,0.212044
Chatelier,0.990119,0.565217,0.541667,0.730337,0.730337,0.205947
Chatelier,0.990229,0.561265,0.539419,0.730337,0.730337,0.199849
Chatelier,0.991779,0.565217,0.545455,0.741573,0.741573,0.211085
Chatelier,0.992190,0.561265,0.543210,0.741573,0.741573,0.204988
Chatelier,0.992192,0.557312,0.540984,0.741573,0.741573,0.198890
Chatelier,0.992982,0.561265,0.546939,0.752809,0.752809,0.210126
Chatelier,0.993481,0.557312,0.544715,0.752809,0.752809,0.204029
Chatelier,0.995447,0.553360,0.542510,0.752809,0.752809,0.197931
Chatelier,0.995827,0.549407,0.540323,0.752809,0.752809,0.191833
Chatelier,0.995895,0.545455,0.538153,0.752809,0.752809,0.185736
Chatelier,0.996670,0.541502,0.536000,0.752809,0.752809,0.179638
Chatelier,0.997221,0.545455,0.541833,0.764045,0.764045,0.190874
Chatelier,0.997299,0.541502,0.539683,0.764045,0.764045,0.184777
Chatelier,0.997490,0.537549,0.537549,0.764045,0.764045,0.178679
Chatelier,0.997794,0.533597,0.535433,0.764045,0.764045,0.172582
Chatelier,0.997821,0.529644,0.533333,0.764045,0.764045,0.166484
Chatelier,0.998146,0.525692,0.531250,0.764045,0.764045,0.160386
Chatelier,0.998568,0.521739,0.529183,0.764045,0.764045,0.154289
Chatelier,0.998867,0.517787,0.527132,0.764045,0.764045,0.148191
Chatelier,0.998967,0.521739,0.532819,0.775281,0.775281,0.159427
Chatelier,0.999000,0.517787,0.530769,0.775281,0.775281,0.153330
Chatelier,0.999079,0.513834,0.528736,0.775281,0.775281,0.147232
Chatelier,0.999083,0.509881,0.526718,0.775281,0.775281,0.141135
Chatelier,0.999091,0.513834,0.532319,0.786517,0.786517,0.152371
Chatelier,0.999103,0.509881,0.530303,0.786517,0.786517,0.146273
Chatelier,0.999176,0.505929,0.528302,0.786517,0.786517,0.140175
Chatelier,0.999281,0.509881,0.533835,0.797753,0.797753,0.151411
Chatelier,0.999331,0.505929,0.531835,0.797753,0.797753,0.145314
Chatelier,0.999349,0.501976,0.529851,0.797753,0.797753,0.139216
Chatelier,0.999351,0.498024,0.527881,0.797753,0.797753,0.133119
Chatelier,0.999375,0.494071,0.525926,0.797753,0.797753,0.127021
Chatelier,0.999420,0.490119,0.523985,0.797753,0.797753,0.120924
Chatelier,0.999514,0.486166,0.522059,0.797753,0.797753,0.114826
Chatelier,0.999517,0.490119,0.527473,0.808989,0.808989,0.126062
Chatelier,0.999614,0.486166,0.525547,0.808989,0.808989,0.119964
Chatelier,0.999664,0.490119,0.530909,0.820225,0.820225,0.131200
Chatelier,0.999710,0.486166,0.528986,0.820225,0.820225,0.125103
Chatelier,0.999726,0.490119,0.534296,0.831461,0.831461,0.136339
Chatelier,0.999769,0.486166,0.532374,0.831461,0.831461,0.130241
Chatelier,0.999769,0.482213,0.530466,0.831461,0.831461,0.124144
Chatelier,0.999824,0.478261,0.528571,0.831461,0.831461,0.118046
Chatelier,0.999837,0.474308,0.526690,0.831461,0.831461,0.111948
Chatelier,0.999880,0.470356,0.524823,0.831461,0.831461,0.105851
Chatelier,0.999884,0.466403,0.522968,0.831461,0.831461,0.099753
Chatelier,0.999890,0.470356,0.528169,0.842697,0.842697,0.110989
Chatelier,0.999893,0.466403,0.526316,0.842697,0.842697,0.104892
Chatelier,0.999917,0.462451,0.524476,0.842697,0.842697,0.098794
Chatelier,0.999927,0.466403,0.529617,0.853933,0.853933,0.110030
Chatelier,0.999934,0.470356,0.534722,0.865169,0.865169,0.121266
Chatelier,0.999940,0.466403,0.532872,0.865169,0.865169,0.115169
Chatelier,0.999943,0.462451,0.531034,0.865169,0.865169,0.109071
Chatelier,0.999947,0.466403,0.536082,0.876404,0.876404,0.120307
Chatelier,0.999949,0.470356,0.541096,0.887640,0.887640,0.131543
Chatelier,0.999949,0.466403,0.539249,0.887640,0.887640,0.125445
Chatelier,0.999956,0.470356,0.544218,0.898876,0.898876,0.136681
Chatelier,0.999958,0.466403,0.542373,0.898876,0.898876,0.130584
Chatelier,0.999967,0.470356,0.547297,0.910112,0.910112,0.141820
Chatelier,0.999968,0.466403,0.545455,0.910112,0.910112,0.135722
Chatelier,0.999969,0.462451,0.543624,0.910112,0.910112,0.129625
Chatelier,0.999970,0.458498,0.541806,0.910112,0.910112,0.123527
Chatelier,0.999972,0.454545,0.540000,0.910112,0.910112,0.117429
Chatelier,0.999972,0.450593,0.538206,0.910112,0.910112,0.111332
Chatelier,0.999975,0.454545,0.543046,0.921348,0.921348,0.122568
Chatelier,0.999979,0.450593,0.541254,0.921348,0.921348,0.116470
Chatelier,0.999985,0.454545,0.546053,0.932584,0.932584,0.127706
Chatelier,0.999988,0.458498,0.550820,0.943820,0.943820,0.138942
Chatelier,0.999988,0.462451,0.555556,0.955056,0.955056,0.150178
Chatelier,0.999989,0.458498,0.553746,0.955056,0.955056,0.144081
Chatelier,0.999990,0.454545,0.551948,0.955056,0.955056,0.137983
Chatelier,0.999991,0.450593,0.550162,0.955056,0.955056,0.131885
Chatelier,0.999991,0.446640,0.548387,0.955056,0.955056,0.125788
Chatelier,0.999994,0.442688,0.546624,0.955056,0.955056,0.119690
Chatelier,0.999994,0.438735,0.544872,0.955056,0.955056,0.113593
Chatelier,0.999998,0.434783,0.543131,0.955056,0.955056,0.107495
Chatelier,0.999998,0.430830,0.541401,0.955056,0.955056,0.101398
Chatelier,0.999998,0.426877,0.539683,0.955056,0.955056,0.095300
Chatelier,0.999999,0.422925,0.537975,0.955056,0.955056,0.089203
Chatelier,0.999999,0.418972,0.536278,0.955056,0.955056,0.083105
Chatelier,0.999999,0.422925,0.540881,0.966292,0.966292,0.094341
Chatelier,0.999999,0.418972,0.539185,0.966292,0.966292,0.088243
Chatelier,0.999999,0.415020,0.537500,0.966292,0.966292,0.082146
Chatelier,0.999999,0.411067,0.535826,0.966292,0.966292,0.076048
Chatelier,0.999999,0.407115,0.534161,0.966292,0.966292,0.069951
Chatelier,0.999999,0.403162,0.532508,0.966292,0.966292,0.063853
Chatelier,1.000000,0.399209,0.530864,0.966292,0.966292,0.057756
Chatelier,1.000000,0.395257,0.529231,0.966292,0.966292,0.051658
Chatelier,1.000000,0.391304,0.527607,0.966292,0.966292,0.045560
Chatelier,1.000000,0.387352,0.525994,0.966292,0.966292,0.039463
Chatelier,1.000000,0.383399,0.524390,0.966292,0.966292,0.033365
Chatelier,1.000000,0.379447,0.522796,0.966292,0.966292,0.027268
Chatelier,1.000000,0.383399,0.527273,0.977528,0.977528,0.038504
Chatelier,1.000000,0.379447,0.525680,0.977528,0.977528,0.032406
Chatelier,1.000000,0.375494,0.524096,0.977528,0.977528,0.026309
Chatelier,1.000000,0.379447,0.528529,0.988764,0.988764,0.037545
Chatelier,1.000000,0.375494,0.526946,0.988764,0.988764,0.031447
Chatelier,1.000000,0.371542,0.525373,0.988764,0.988764,0.025349
Chatelier,1.000000,0.367589,0.523810,0.988764,0.988764,0.019252
Chatelier,1.000000,0.371542,0.528190,1.000000,1.000000,0.030488
Chatelier,1.000000,0.367589,0.526627,1.000000,1.000000,0.024390
Chatelier,1.000000,0.363636,0.525074,1.000000,1.000000,0.018293
Chatelier,1.000000,0.359684,0.523529,1.000000,1.000000,0.012195
Chatelier,1.000000,0.355731,0.521994,1.000000,1.000000,0.006098
Chatelier,1.000000,0.351779,0.520468,1.000000,1.000000,0.000000
