probability,train_density,test_density
0.000000,1.773112,2.922402
0.001669,1.775581,2.932426
0.003339,1.777840,2.941669
0.005008,1.779889,2.950125
0.006678,1.781727,2.957786
0.008347,1.783353,2.964650
0.010017,1.784766,2.970710
0.011686,1.785966,2.975965
0.013356,1.786953,2.980410
0.015025,1.787727,2.984044
0.016694,1.788286,2.986864
0.018364,1.788631,2.988872
0.020033,1.788762,2.990065
0.021703,1.788679,2.990445
0.023372,1.788382,2.990013
0.025042,1.787870,2.988772
0.026711,1.787144,2.986723
0.028381,1.786205,2.983871
0.030050,1.785052,2.980219
0.031720,1.783687,2.975772
0.033389,1.782109,2.970535
0.035058,1.780319,2.964515
0.036728,1.778319,2.957719
0.038397,1.776108,2.950153
0.040067,1.773687,2.941826
0.041736,1.771057,2.932746
0.043406,1.768220,2.922923
0.045075,1.765176,2.912366
0.046745,1.761927,2.901086
0.048414,1.758473,2.889094
0.050083,1.754815,2.876401
0.051753,1.750956,2.863019
0.053422,1.746896,2.848961
0.055092,1.742637,2.834240
0.056761,1.738181,2.818869
0.058431,1.733529,2.802862
0.060100,1.728682,2.786234
0.061770,1.723643,2.768999
0.063439,1.718412,2.751173
0.065109,1.712993,2.732771
0.066778,1.707387,2.713809
0.068447,1.701596,2.694303
0.070117,1.695621,2.674271
0.071786,1.689466,2.653727
0.073456,1.683131,2.632691
0.075125,1.676620,2.611178
0.076795,1.669935,2.589208
0.078464,1.663077,2.566796
0.080134,1.656050,2.543962
0.081803,1.648855,2.520724
0.083472,1.641496,2.497099
0.085142,1.633974,2.473105
0.086811,1.626292,2.448763
0.088481,1.618453,2.424089
0.090150,1.610459,2.399102
0.091820,1.602314,2.373821
0.093489,1.594019,2.348265
0.095159,1.585578,2.322451
0.096828,1.576993,2.296398
0.098497,1.568267,2.270126
0.100167,1.559403,2.243651
0.101836,1.550405,2.216993
0.103506,1.541274,2.190169
0.105175,1.532014,2.163197
0.106845,1.522628,2.136095
0.108514,1.513119,2.108881
0.110184,1.503490,2.081572
0.111853,1.493744,2.054186
0.113523,1.483884,2.026738
0.115192,1.473913,1.999247
0.116861,1.463834,1.971728
0.118531,1.453651,1.944198
0.120200,1.443367,1.916673
0.121870,1.432984,1.889169
0.123539,1.422507,1.861700
0.125209,1.411937,1.834282
0.126878,1.401279,1.806929
0.128548,1.390536,1.779656
0.130217,1.379710,1.752477
0.131886,1.368806,1.725406
0.133556,1.357826,1.698456
0.135225,1.346773,1.671639
0.136895,1.335651,1.644969
0.138564,1.324463,1.618457
0.140234,1.313213,1.592115
0.141903,1.301902,1.565956
0.143573,1.290535,1.539988
0.145242,1.279116,1.514224
0.146912,1.267646,1.488674
0.148581,1.256129,1.463346
0.150250,1.244569,1.438252
0.151920,1.232968,1.413398
0.153589,1.221329,1.388795
0.155259,1.209657,1.364450
0.156928,1.197953,1.340371
0.158598,1.186222,1.316565
0.160267,1.174465,1.293039
0.161937,1.162687,1.269800
0.163606,1.150889,1.246854
0.165275,1.139076,1.224207
0.166945,1.127250,1.201863
0.168614,1.115414,1.179828
0.170284,1.103570,1.158106
0.171953,1.091723,1.136702
0.173623,1.079874,1.115619
0.175292,1.068027,1.094861
0.176962,1.056184,1.074431
0.178631,1.044348,1.054331
0.180301,1.032522,1.034564
0.181970,1.020708,1.015132
0.183639,1.008910,0.996037
0.185309,0.997129,0.977280
0.186978,0.985369,0.958862
0.188648,0.973631,0.940783
0.190317,0.961919,0.923045
0.191987,0.950235,0.905647
0.193656,0.938582,0.888590
0.195326,0.926961,0.871872
0.196995,0.915375,0.855493
0.198664,0.903826,0.839452
0.200334,0.892317,0.823749
0.202003,0.880850,0.808380
0.203673,0.869427,0.793346
0.205342,0.858050,0.778643
0.207012,0.846722,0.764270
0.208681,0.835444,0.750225
0.210351,0.824218,0.736504
0.212020,0.813046,0.723106
0.213689,0.801931,0.710026
0.215359,0.790873,0.697263
0.217028,0.779876,0.684813
0.218698,0.768940,0.672672
0.220367,0.758067,0.660838
0.222037,0.747260,0.649305
0.223706,0.736519,0.638071
0.225376,0.725846,0.627132
0.227045,0.715244,0.616484
0.228715,0.704712,0.606121
0.230384,0.694253,0.596041
0.232053,0.683868,0.586239
0.233723,0.673559,0.576710
0.235392,0.663326,0.567450
0.237062,0.653172,0.558454
0.238731,0.643096,0.549719
0.240401,0.633101,0.541238
0.242070,0.623187,0.533008
0.243740,0.613356,0.525023
0.245409,0.603608,0.517280
0.247078,0.593945,0.509772
0.248748,0.584368,0.502496
0.250417,0.574876,0.495446
0.252087,0.565472,0.488617
0.253756,0.556156,0.482005
0.255426,0.546928,0.475606
0.257095,0.537790,0.469413
0.258765,0.528742,0.463422
0.260434,0.519784,0.457628
0.262104,0.510918,0.452027
0.263773,0.502144,0.446614
0.265442,0.493462,0.441384
0.267112,0.484873,0.436331
0.268781,0.476376,0.431453
0.270451,0.467974,0.426743
0.272120,0.459665,0.422198
0.273790,0.451450,0.417812
0.275459,0.443330,0.413582
0.277129,0.435304,0.409502
0.278798,0.427373,0.405569
0.280467,0.419537,0.401778
0.282137,0.411796,0.398124
0.283806,0.404150,0.394604
0.285476,0.396599,0.391213
0.287145,0.389144,0.387948
0.288815,0.381783,0.384804
0.290484,0.374517,0.381777
0.292154,0.367347,0.378863
0.293823,0.360271,0.376059
0.295492,0.353290,0.373360
0.297162,0.346403,0.370764
0.298831,0.339611,0.368266
0.300501,0.332912,0.365863
0.302170,0.326307,0.363551
0.303840,0.319796,0.361327
0.305509,0.313378,0.359189
0.307179,0.307052,0.357131
0.308848,0.300819,0.355152
0.310518,0.294677,0.353249
0.312187,0.288628,0.351418
0.313856,0.282669,0.349656
0.315526,0.276800,0.347960
0.317195,0.271022,0.346328
0.318865,0.265334,0.344758
0.320534,0.259734,0.343245
0.322204,0.254223,0.341789
0.323873,0.248800,0.340385
0.325543,0.243464,0.339033
0.327212,0.238214,0.337729
0.328881,0.233051,0.336472
0.330551,0.227973,0.335259
0.332220,0.222980,0.334088
0.333890,0.218071,0.332956
0.335559,0.213245,0.331863
0.337229,0.208502,0.330806
0.338898,0.203840,0.329782
0.340568,0.199260,0.328792
0.342237,0.194761,0.327831
0.343907,0.190341,0.326900
0.345576,0.186000,0.325996
0.347245,0.181738,0.325118
0.348915,0.177552,0.324264
0.350584,0.173444,0.323433
0.352254,0.169411,0.322624
0.353923,0.165453,0.321834
0.355593,0.161569,0.321063
0.357262,0.157759,0.320310
0.358932,0.154021,0.319574
0.360601,0.150355,0.318852
0.362270,0.146760,0.318145
0.363940,0.143235,0.317451
0.365609,0.139779,0.316770
0.367279,0.136392,0.316099
0.368948,0.133072,0.315439
0.370618,0.129819,0.314788
0.372287,0.126631,0.314145
0.373957,0.123509,0.313511
0.375626,0.120451,0.312883
0.377295,0.117456,0.312262
0.378965,0.114523,0.311647
0.380634,0.111652,0.311036
0.382304,0.108842,0.310430
0.383973,0.106092,0.309827
0.385643,0.103400,0.309228
0.387312,0.100767,0.308631
0.388982,0.098192,0.308036
0.390651,0.095672,0.307443
0.392321,0.093209,0.306850
0.393990,0.090801,0.306259
0.395659,0.088446,0.305667
0.397329,0.086145,0.305076
0.398998,0.083896,0.304484
0.400668,0.081699,0.303890
0.402337,0.079553,0.303296
0.404007,0.077456,0.302700
0.405676,0.075409,0.302102
0.407346,0.073411,0.301501
0.409015,0.071460,0.300898
0.410684,0.069556,0.300293
0.412354,0.067698,0.299684
0.414023,0.065885,0.299072
0.415693,0.064117,0.298456
0.417362,0.062393,0.297836
0.419032,0.060713,0.297212
0.420701,0.059074,0.296584
0.422371,0.057478,0.295952
0.424040,0.055922,0.295315
0.425710,0.054407,0.294673
0.427379,0.052932,0.294026
0.429048,0.051495,0.293374
0.430718,0.050097,0.292717
0.432387,0.048736,0.292054
0.434057,0.047413,0.291385
0.435726,0.046125,0.290711
0.437396,0.044874,0.290031
0.439065,0.043657,0.289345
0.440735,0.042475,0.288653
0.442404,0.041327,0.287955
0.444073,0.040213,0.287251
0.445743,0.039131,0.286540
0.447412,0.038081,0.285823
0.449082,0.037063,0.285099
0.450751,0.036076,0.284369
0.452421,0.035119,0.283632
0.454090,0.034193,0.282888
0.455760,0.033296,0.282137
0.457429,0.032428,0.281380
0.459098,0.031588,0.280616
0.460768,0.030777,0.279845
0.462437,0.029993,0.279067
0.464107,0.029236,0.278283
0.465776,0.028506,0.277491
0.467446,0.027802,0.276692
0.469115,0.027124,0.275887
0.470785,0.026472,0.275075
0.472454,0.025844,0.274256
0.474124,0.025241,0.273430
0.475793,0.024662,0.272598
0.477462,0.024107,0.271759
0.479132,0.023576,0.270914
0.480801,0.023068,0.270062
0.482471,0.022582,0.269203
0.484140,0.022119,0.268339
0.485810,0.021679,0.267468
0.487479,0.021260,0.266591
0.489149,0.020863,0.265708
0.490818,0.020487,0.264820
0.492487,0.020132,0.263926
0.494157,0.019799,0.263027
0.495826,0.019485,0.262123
0.497496,0.019192,0.261213
0.499165,0.018920,0.260299
0.500835,0.018667,0.259381
0.502504,0.018434,0.258458
0.504174,0.018220,0.257531
0.505843,0.018026,0.256600
0.507513,0.017852,0.255666
0.509182,0.017696,0.254729
0.510851,0.017559,0.253789
0.512521,0.017441,0.252847
0.514190,0.017341,0.251902
0.515860,0.017261,0.250956
0.517529,0.017198,0.250009
0.519199,0.017154,0.249060
0.520868,0.017129,0.248111
0.522538,0.017121,0.247161
0.524207,0.017132,0.246212
0.525876,0.017161,0.245263
0.527546,0.017208,0.244316
0.529215,0.017272,0.243370
0.530885,0.017356,0.242427
0.532554,0.017457,0.241486
0.534224,0.017576,0.240548
0.535893,0.017713,0.239613
0.537563,0.017868,0.238683
0.539232,0.018041,0.237758
0.540902,0.018233,0.236838
0.542571,0.018442,0.235924
0.544240,0.018670,0.235016
0.545910,0.018917,0.234115
0.547579,0.019181,0.233222
0.549249,0.019465,0.232337
0.550918,0.019766,0.231461
0.552588,0.020087,0.230594
0.554257,0.020426,0.229738
0.555927,0.020784,0.228892
0.557596,0.021162,0.228058
0.559265,0.021558,0.227236
0.560935,0.021974,0.226426
0.562604,0.022410,0.225630
0.564274,0.022865,0.224848
0.565943,0.023340,0.224080
0.567613,0.023835,0.223328
0.569282,0.024350,0.222592
0.570952,0.024886,0.221873
0.572621,0.025442,0.221171
0.574290,0.026019,0.220487
0.575960,0.026618,0.219822
0.577629,0.027237,0.219176
0.579299,0.027879,0.218550
0.580968,0.028541,0.217945
0.582638,0.029226,0.217362
0.584307,0.029934,0.216800
0.585977,0.030664,0.216261
0.587646,0.031416,0.215745
0.589316,0.032192,0.215253
0.590985,0.032991,0.214786
0.592654,0.033814,0.214343
0.594324,0.034661,0.213926
0.595993,0.035532,0.213536
0.597663,0.036428,0.213172
0.599332,0.037348,0.212836
0.601002,0.038294,0.212527
0.602671,0.039265,0.212247
0.604341,0.040262,0.211995
0.606010,0.041285,0.211773
0.607679,0.042335,0.211580
0.609349,0.043411,0.211418
0.611018,0.044515,0.211287
0.612688,0.045646,0.211186
0.614357,0.046805,0.211116
0.616027,0.047993,0.211079
0.617696,0.049208,0.211073
0.619366,0.050453,0.211100
0.621035,0.051727,0.211159
0.622705,0.053031,0.211251
0.624374,0.054365,0.211376
0.626043,0.055729,0.211534
0.627713,0.057124,0.211725
0.629382,0.058550,0.211950
0.631052,0.060007,0.212208
0.632721,0.061497,0.212500
0.634391,0.063018,0.212826
0.636060,0.064573,0.213185
0.637730,0.066160,0.213577
0.639399,0.067780,0.214004
0.641068,0.069435,0.214463
0.642738,0.071123,0.214956
0.644407,0.072846,0.215483
0.646077,0.074604,0.216042
0.647746,0.076397,0.216633
0.649416,0.078225,0.217258
0.651085,0.080090,0.217914
0.652755,0.081991,0.218602
0.654424,0.083928,0.219322
0.656093,0.085903,0.220073
0.657763,0.087915,0.220854
0.659432,0.089965,0.221666
0.661102,0.092052,0.222507
0.662771,0.094179,0.223378
0.664441,0.096344,0.224277
0.666110,0.098548,0.225205
0.667780,0.100791,0.226160
0.669449,0.103074,0.227141
0.671119,0.105398,0.228149
0.672788,0.107761,0.229182
0.674457,0.110166,0.230241
0.676127,0.112611,0.231323
0.677796,0.115098,0.232428
0.679466,0.117626,0.233556
0.681135,0.120196,0.234705
0.682805,0.122808,0.235875
0.684474,0.125462,0.237065
0.686144,0.128159,0.238274
0.687813,0.130899,0.239501
0.689482,0.133682,0.240745
0.691152,0.136508,0.242006
0.692821,0.139378,0.243282
0.694491,0.142291,0.244572
0.696160,0.145248,0.245875
0.697830,0.148249,0.247191
0.699499,0.151295,0.248518
0.701169,0.154385,0.249855
0.702838,0.157519,0.251202
0.704508,0.160698,0.252557
0.706177,0.163921,0.253919
0.707846,0.167190,0.255287
0.709516,0.170503,0.256660
0.711185,0.173861,0.258037
0.712855,0.177264,0.259418
0.714524,0.180713,0.260800
0.716194,0.184206,0.262183
0.717863,0.187745,0.263566
0.719533,0.191328,0.264948
0.721202,0.194957,0.266328
0.722871,0.198631,0.267704
0.724541,0.202350,0.269076
0.726210,0.206113,0.270443
0.727880,0.209922,0.271804
0.729549,0.213775,0.273158
0.731219,0.217672,0.274504
0.732888,0.221615,0.275840
0.734558,0.225601,0.277167
0.736227,0.229632,0.278483
0.737896,0.233706,0.279787
0.739566,0.237824,0.281078
0.741235,0.241985,0.282356
0.742905,0.246190,0.283620
0.744574,0.250437,0.284869
0.746244,0.254728,0.286102
0.747913,0.259060,0.287319
0.749583,0.263434,0.288518
0.751252,0.267850,0.289699
0.752922,0.272307,0.290862
0.754591,0.276804,0.292005
0.756260,0.281342,0.293129
0.757930,0.285920,0.294232
0.759599,0.290537,0.295315
0.761269,0.295194,0.296376
0.762938,0.299888,0.297415
0.764608,0.304621,0.298431
0.766277,0.309390,0.299425
0.767947,0.314197,0.300396
0.769616,0.319039,0.301343
0.771285,0.323917,0.302267
0.772955,0.328830,0.303166
0.774624,0.333777,0.304041
0.776294,0.338757,0.304891
0.777963,0.343770,0.305716
0.779633,0.348816,0.306516
0.781302,0.353892,0.307292
0.782972,0.358999,0.308042
0.784641,0.364135,0.308766
0.786311,0.369300,0.309465
0.787980,0.374494,0.310139
0.789649,0.379714,0.310787
0.791319,0.384961,0.311410
0.792988,0.390232,0.312008
0.794658,0.395528,0.312580
0.796327,0.400848,0.313127
0.797997,0.406190,0.313649
0.799666,0.411553,0.314145
0.801336,0.416936,0.314617
0.803005,0.422339,0.315065
0.804674,0.427760,0.315488
0.806344,0.433198,0.315886
0.808013,0.438653,0.316261
0.809683,0.444122,0.316612
0.811352,0.449605,0.316939
0.813022,0.455100,0.317243
0.814691,0.460607,0.317524
0.816361,0.466124,0.317783
0.818030,0.471650,0.318018
0.819699,0.477184,0.318232
0.821369,0.482724,0.318424
0.823038,0.488269,0.318594
0.824708,0.493819,0.318743
0.826377,0.499370,0.318872
0.828047,0.504924,0.318979
0.829716,0.510477,0.319066
0.831386,0.516028,0.319134
0.833055,0.521577,0.319181
0.834725,0.527122,0.319209
0.836394,0.532661,0.319218
0.838063,0.538193,0.319208
0.839733,0.543717,0.319180
0.841402,0.549230,0.319133
0.843072,0.554733,0.319069
0.844741,0.560223,0.318986
0.846411,0.565698,0.318886
0.848080,0.571158,0.318769
0.849750,0.576601,0.318634
0.851419,0.582025,0.318483
0.853088,0.587429,0.318315
0.854758,0.592811,0.318130
0.856427,0.598170,0.317929
0.858097,0.603505,0.317711
0.859766,0.608813,0.317478
0.861436,0.614094,0.317228
0.863105,0.619345,0.316962
0.864775,0.624566,0.316680
0.866444,0.629754,0.316382
0.868114,0.634908,0.316068
0.869783,0.640027,0.315739
0.871452,0.645109,0.315393
0.873122,0.650153,0.315031
0.874791,0.655157,0.314653
0.876461,0.660119,0.314259
0.878130,0.665038,0.313849
0.879800,0.669913,0.313422
0.881469,0.674741,0.312979
0.883139,0.679523,0.312519
0.884808,0.684255,0.312043
0.886477,0.688936,0.311549
0.888147,0.693565,0.311038
0.889816,0.698141,0.310509
0.891486,0.702662,0.309963
0.893155,0.707127,0.309398
0.894825,0.711533,0.308815
0.896494,0.715881,0.308214
0.898164,0.720167,0.307594
0.899833,0.724392,0.306954
0.901503,0.728553,0.306296
0.903172,0.732649,0.305617
0.904841,0.736678,0.304918
0.906511,0.740641,0.304198
0.908180,0.744534,0.303457
0.909850,0.748357,0.302695
0.911519,0.752108,0.301912
0.913189,0.755786,0.301106
0.914858,0.759391,0.300278
0.916528,0.762920,0.299427
0.918197,0.766373,0.298553
0.919866,0.769748,0.297655
0.921536,0.773044,0.296733
0.923205,0.776260,0.295787
0.924875,0.779395,0.294816
0.926544,0.782447,0.293820
0.928214,0.785417,0.292799
0.929883,0.788302,0.291752
0.931553,0.791102,0.290678
0.933222,0.793815,0.289578
0.934891,0.796441,0.288452
0.936561,0.798980,0.287298
0.938230,0.801428,0.286116
0.939900,0.803787,0.284907
0.941569,0.806056,0.283670
0.943239,0.808232,0.282405
0.944908,0.810316,0.281111
0.946578,0.812307,0.279789
0.948247,0.814204,0.278437
0.949917,0.816007,0.277057
0.951586,0.817715,0.275648
0.953255,0.819326,0.274209
0.954925,0.820842,0.272740
0.956594,0.822260,0.271242
0.958264,0.823581,0.269715
0.959933,0.824804,0.268158
0.961603,0.825928,0.266571
0.963272,0.826954,0.264955
0.964942,0.827881,0.263309
0.966611,0.828708,0.261634
0.968280,0.829436,0.259930
0.969950,0.830063,0.258196
0.971619,0.830590,0.256433
0.973289,0.831017,0.254641
0.974958,0.831343,0.252821
0.976628,0.831568,0.250972
0.978297,0.831693,0.249095
0.979967,0.831716,0.247190
0.981636,0.831639,0.245258
0.983306,0.831461,0.243299
0.984975,0.831182,0.241313
0.986644,0.830802,0.239300
0.988314,0.830322,0.237262
0.989983,0.829742,0.235198
0.991653,0.829061,0.233110
0.993322,0.828280,0.230997
0.994992,0.827400,0.228860
0.996661,0.826420,0.226701
0.998331,0.825342,0.224518
1.000000,0.824164,0.222314
