dataset,model,fpr,tpr
Zeller,L2,0.000000,0.000000
Zeller,L2,0.000000,0.020833
Zeller,L2,0.013699,0.020833
Zeller,L2,0.013699,0.062500
Zeller,L2,0.027397,0.062500
Zeller,L2,0.027397,0.125000
Zeller,L2,0.041096,0.125000
Zeller,L2,0.041096,0.250000
Zeller,L2,0.054795,0.250000
Zeller,L2,0.054795,0.395833
Zeller,L2,0.068493,0.395833
Zeller,L2,0.068493,0.479167
Zeller,L2,0.082192,0.479167
Zeller,L2,0.082192,0.520833
Zeller,L2,0.109589,0.520833
Zeller,L2,0.109589,0.583333
Zeller,L2,0.123288,0.583333
Zeller,L2,0.123288,0.604167
Zeller,L2,0.219178,0.604167
Zeller,L2,0.219178,0.645833
Zeller,L2,0.246575,0.645833
Zeller,L2,0.246575,0.729167
Zeller,L2,0.260274,0.729167
Zeller,L2,0.260274,0.750000
Zeller,L2,0.273973,0.750000
Zeller,L2,0.273973,0.770833
Zeller,L2,0.287671,0.770833
Zeller,L2,0.287671,0.791667
Zeller,L2,0.315068,0.791667
Zeller,L2,0.315068,0.812500
Zeller,L2,0.342466,0.812500
Zeller,L2,0.342466,0.833333
Zeller,L2,0.479452,0.833333
Zeller,L2,0.479452,0.854167
Zeller,L2,0.534247,0.854167
Zeller,L2,0.534247,0.875000
Zeller,L2,0.561644,0.875000
Zeller,L2,0.561644,0.895833
Zeller,L2,0.671233,0.895833
Zeller,L2,0.671233,0.916667
Zeller,L2,0.698630,0.916667
Zeller,L2,0.698630,0.979167
Zeller,L2,0.726027,0.979167
Zeller,L2,0.726027,1.000000
Zeller,L2,1.000000,1.000000
Zeller,RF,0.000000,0.000000
Zeller,RF,0.000000,0.020833
Zeller,RF,0.000000,0.208333
Zeller,RF,0.000000,0.250000
Zeller,RF,0.000000,0.291667
Zeller,RF,0.013699,0.291667
Zeller,RF,0.013699,0.479167
Zeller,RF,0.027397,0.479167
Zeller,RF,0.027397,0.562500
Zeller,RF,0.082192,0.562500
Zeller,RF,0.082192,0.645833
Zeller,RF,0.095890,0.645833
Zeller,RF,0.109589,0.687500
Zeller,RF,0.109589,0.729167
Zeller,RF,0.109589,0.750000
Zeller,RF,0.150685,0.750000
Zeller,RF,0.150685,0.770833
Zeller,RF,0.178082,0.770833
Zeller,RF,0.178082,0.812500
Zeller,RF,0.232877,0.812500
Zeller,RF,0.232877,0.833333
Zeller,RF,0.287671,0.833333
Zeller,RF,0.287671,0.854167
Zeller,RF,0.328767,0.854167
Zeller,RF,0.356164,0.854167
Zeller,RF,0.383562,0.854167
Zeller,RF,0.410959,0.854167
Zeller,RF,0.465753,0.854167
Zeller,RF,0.465753,0.875000
Zeller,RF,0.493151,0.875000
Zeller,RF,0.534247,0.875000
Zeller,RF,0.561644,0.875000
Zeller,RF,0.575342,0.875000
Zeller,RF,0.602740,0.875000
Zeller,RF,0.630137,0.875000
Zeller,RF,0.684932,0.875000
Zeller,RF,0.684932,0.895833
Zeller,RF,0.698630,0.895833
Zeller,RF,0.698630,0.958333
Zeller,RF,0.739726,0.958333
Zeller,RF,0.739726,0.979167
Zeller,RF,0.821918,0.979167
Zeller,RF,0.835616,1.000000
Zeller,RF,0.863014,1.000000
Zeller,RF,1.000000,1.000000
metahit,L2,0.000000,0.000000
metahit,L2,0.000000,0.040000
metahit,L2,0.011765,0.040000
metahit,L2,0.011765,0.160000
metahit,L2,0.023529,0.160000
metahit,L2,0.023529,0.200000
metahit,L2,0.035294,0.200000
metahit,L2,0.035294,0.360000
metahit,L2,0.047059,0.360000
metahit,L2,0.047059,0.520000
metahit,L2,0.070588,0.520000
metahit,L2,0.070588,0.640000
metahit,L2,0.094118,0.640000
metahit,L2,0.094118,0.680000
metahit,L2,0.117647,0.680000
metahit,L2,0.117647,0.760000
metahit,L2,0.152941,0.760000
metahit,L2,0.152941,0.800000
metahit,L2,0.188235,0.800000
metahit,L2,0.188235,0.840000
metahit,L2,0.258824,0.840000
metahit,L2,0.258824,0.880000
metahit,L2,0.317647,0.880000
metahit,L2,0.317647,0.920000
metahit,L2,0.341176,0.920000
metahit,L2,0.341176,0.960000
metahit,L2,0.776471,0.960000
metahit,L2,0.776471,1.000000
metahit,L2,1.000000,1.000000
metahit,RF,0.000000,0.000000
metahit,RF,0.000000,0.040000
metahit,RF,0.011765,0.080000
metahit,RF,0.011765,0.440000
metahit,RF,0.023529,0.440000
metahit,RF,0.035294,0.480000
metahit,RF,0.035294,0.560000
metahit,RF,0.047059,0.600000
metahit,RF,0.058824,0.600000
metahit,RF,0.082353,0.640000
metahit,RF,0.082353,0.680000
metahit,RF,0.094118,0.680000
metahit,RF,0.105882,0.720000
metahit,RF,0.129412,0.720000
metahit,RF,0.129412,0.760000
metahit,RF,0.141176,0.760000
metahit,RF,0.164706,0.760000
metahit,RF,0.200000,0.760000
metahit,RF,0.223529,0.840000
metahit,RF,0.223529,0.880000
metahit,RF,0.282353,0.880000
metahit,RF,0.282353,0.920000
metahit,RF,0.305882,0.920000
metahit,RF,0.317647,0.960000
metahit,RF,0.400000,0.960000
metahit,RF,0.447059,0.960000
metahit,RF,0.470588,0.960000
metahit,RF,0.541176,0.960000
metahit,RF,0.588235,0.960000
metahit,RF,0.611765,0.960000
metahit,RF,0.623529,0.960000
metahit,RF,0.635294,1.000000
metahit,RF,0.705882,1.000000
metahit,RF,0.729412,1.000000
metahit,RF,0.764706,1.000000
metahit,RF,0.788235,1.000000
metahit,RF,0.811765,1.000000
metahit,RF,0.835294,1.000000
metahit,RF,0.870588,1.000000
metahit,RF,0.905882,1.000000
metahit,RF,0.929412,1.000000
metahit,RF,0.952941,1.000000
metahit,RF,1.000000,1.000000
Chatelier,L2,0.000000,0.000000
Chatelier,L2,0.000000,0.006098
Chatelier,L2,0.000000,0.030488
Chatelier,L2,0.011236,0.030488
Chatelier,L2,0.011236,0.048780
Chatelier,L2,0.022472,0.048780
Chatelier,L2,0.022472,0.060976
Chatelier,L2,0.033708,0.060976
Chatelier,L2,0.033708,0.128049
Chatelier,L2,0.044944,0.128049
Chatelier,L2,0.044944,0.195122
Chatelier,L2,0.078652,0.195122
Chatelier,L2,0.078652,0.201220
Chatelier,L2,0.089888,0.201220
Chatelier,L2,0.089888,0.231707
Chatelier,L2,0.101124,0.231707
Chatelier,L2,0.101124,0.237805
Chatelier,L2,0.112360,0.237805
Chatelier,L2,0.112360,0.243902
Chatelier,L2,0.134831,0.243902
Chatelier,L2,0.134831,0.256098
Chatelier,L2,0.157303,0.256098
Chatelier,L2,0.157303,0.268293
Chatelier,L2,0.168539,0.268293
Chatelier,L2,0.168539,0.304878
Chatelier,L2,0.179775,0.304878
Chatelier,L2,0.179775,0.310976
Chatelier,L2,0.191011,0.310976
Chatelier,L2,0.191011,0.317073
Chatelier,L2,0.202247,0.317073
Chatelier,L2,0.202247,0.353659
Chatelier,L2,0.213483,0.353659
Chatelier,L2,0.213483,0.365854
Chatelier,L2,0.224719,0.365854
Chatelier,L2,0.224719,0.384146
Chatelier,L2,0.235955,0.384146
Chatelier,L2,0.235955,0.426829
Chatelier,L2,0.247191,0.426829
Chatelier,L2,0.247191,0.457317
Chatelier,L2,0.258427,0.457317
Chatelier,L2,0.258427,0.469512
Chatelier,L2,0.269663,0.469512
Chatelier,L2,0.269663,0.493902
Chatelier,L2,0.280899,0.493902
Chatelier,L2,0.280899,0.542683
Chatelier,L2,0.303371,0.542683
Chatelier,L2,0.303371,0.567073
Chatelier,L2,0.337079,0.567073
Chatelier,L2,0.337079,0.579268
Chatelier,L2,0.359551,0.579268
Chatelier,L2,0.359551,0.609756
Chatelier,L2,0.370787,0.609756
Chatelier,L2,0.370787,0.615854
Chatelier,L2,0.382022,0.615854
Chatelier,L2,0.382022,0.640244
Chatelier,L2,0.393258,0.640244
Chatelier,L2,0.393258,0.664634
Chatelier,L2,0.415730,0.664634
Chatelier,L2,0.415730,0.689024
Chatelier,L2,0.426966,0.689024
Chatelier,L2,0.426966,0.701220
Chatelier,L2,0.449438,0.701220
Chatelier,L2,0.449438,0.707317
Chatelier,L2,0.460674,0.707317
Chatelier,L2,0.460674,0.713415
Chatelier,L2,0.483146,0.713415
Chatelier,L2,0.483146,0.731707
Chatelier,L2,0.494382,0.731707
Chatelier,L2,0.494382,0.737805
Chatelier,L2,0.505618,0.737805
Chatelier,L2,0.505618,0.750000
Chatelier,L2,0.528090,0.750000
Chatelier,L2,0.528090,0.768293
Chatelier,L2,0.539326,0.768293
Chatelier,L2,0.539326,0.774390
Chatelier,L2,0.573034,0.774390
Chatelier,L2,0.573034,0.780488
Chatelier,L2,0.584270,0.780488
Chatelier,L2,0.584270,0.798780
Chatelier,L2,0.595506,0.798780
Chatelier,L2,0.595506,0.804878
Chatelier,L2,0.629213,0.804878
Chatelier,L2,0.629213,0.823171
Chatelier,L2,0.651685,0.823171
Chatelier,L2,0.651685,0.841463
Chatelier,L2,0.662921,0.841463
Chatelier,L2,0.662921,0.853659
Chatelier,L2,0.696629,0.853659
Chatelier,L2,0.696629,0.865854
Chatelier,L2,0.752809,0.865854
Chatelier,L2,0.752809,0.878049
Chatelier,L2,0.775281,0.878049
Chatelier,L2,0.775281,0.896341
Chatelier,L2,0.797753,0.896341
Chatelier,L2,0.797753,0.902439
Chatelier,L2,0.808989,0.902439
Chatelier,L2,0.808989,0.908537
Chatelier,L2,0.831461,0.908537
Chatelier,L2,0.831461,0.914634
Chatelier,L2,0.842697,0.914634
Chatelier,L2,0.842697,0.939024
Chatelier,L2,0.876404,0.939024
Chatelier,L2,0.876404,0.951220
Chatelier,L2,0.932584,0.951220
Chatelier,L2,0.932584,0.975610
Chatelier,L2,0.943820,0.975610
Chatelier,L2,0.943820,0.993902
Chatelier,L2,0.966292,0.993902
Chatelier,L2,0.966292,1.000000
Chatelier,L2,1.000000,1.000000
Chatelier,RF,0.000000,0.000000
Chatelier,RF,0.000000,0.006098
Chatelier,RF,0.000000,0.018293
Chatelier,RF,0.000000,0.030488
Chatelier,RF,0.011236,0.036585
Chatelier,RF,0.011236,0.048780
Chatelier,RF,0.011236,0.073171
Chatelier,RF,0.011236,0.085366
Chatelier,RF,0.022472,0.085366
Chatelier,RF,0.022472,0.097561
Chatelier,RF,0.033708,0.103659
Chatelier,RF,0.033708,0.121951
Chatelier,RF,0.033708,0.158537
Chatelier,RF,0.056180,0.164634
Chatelier,RF,0.067416,0.176829
Chatelier,RF,0.067416,0.189024
Chatelier,RF,0.067416,0.195122
Chatelier,RF,0.067416,0.207317
Chatelier,RF,0.078652,0.219512
Chatelier,RF,0.078652,0.225610
Chatelier,RF,0.101124,0.237805
Chatelier,RF,0.101124,0.250000
Chatelier,RF,0.101124,0.256098
Chatelier,RF,0.101124,0.268293
Chatelier,RF,0.112360,0.274390
Chatelier,RF,0.112360,0.298780
Chatelier,RF,0.123596,0.298780
Chatelier,RF,0.134831,0.304878
Chatelier,RF,0.134831,0.310976
Chatelier,RF,0.134831,0.323171
Chatelier,RF,0.134831,0.329268
Chatelier,RF,0.157303,0.359756
Chatelier,RF,0.157303,0.371951
Chatelier,RF,0.157303,0.378049
Chatelier,RF,0.168539,0.390244
Chatelier,RF,0.191011,0.402439
Chatelier,RF,0.191011,0.426829
Chatelier,RF,0.202247,0.445122
Chatelier,RF,0.213483,0.451220
Chatelier,RF,0.235955,0.451220
Chatelier,RF,0.235955,0.463415
Chatelier,RF,0.235955,0.481707
Chatelier,RF,0.247191,0.493902
Chatelier,RF,0.258427,0.518293
Chatelier,RF,0.258427,0.573171
Chatelier,RF,0.269663,0.579268
Chatelier,RF,0.292135,0.579268
Chatelier,RF,0.314607,0.591463
Chatelier,RF,0.314607,0.609756
Chatelier,RF,0.337079,0.615854
Chatelier,RF,0.382022,0.621951
Chatelier,RF,0.382022,0.628049
Chatelier,RF,0.393258,0.634146
Chatelier,RF,0.438202,0.634146
Chatelier,RF,0.438202,0.640244
Chatelier,RF,0.438202,0.652439
Chatelier,RF,0.471910,0.658537
Chatelier,RF,0.494382,0.676829
Chatelier,RF,0.505618,0.682927
Chatelier,RF,0.516854,0.701220
Chatelier,RF,0.528090,0.701220
Chatelier,RF,0.550562,0.713415
Chatelier,RF,0.550562,0.737805
Chatelier,RF,0.573034,0.743902
Chatelier,RF,0.584270,0.756098
Chatelier,RF,0.606742,0.756098
Chatelier,RF,0.606742,0.768293
Chatelier,RF,0.617978,0.780488
Chatelier,RF,0.629213,0.780488
Chatelier,RF,0.629213,0.792683
Chatelier,RF,0.651685,0.804878
Chatelier,RF,0.662921,0.804878
Chatelier,RF,0.685393,0.810976
Chatelier,RF,0.685393,0.817073
Chatelier,RF,0.707865,0.829268
Chatelier,RF,0.707865,0.847561
Chatelier,RF,0.719101,0.847561
Chatelier,RF,0.741573,0.853659
Chatelier,RF,0.764045,0.865854
Chatelier,RF,0.786517,0.865854
Chatelier,RF,0.808989,0.871951
Chatelier,RF,0.831461,0.871951
Chatelier,RF,0.842697,0.878049
Chatelier,RF,0.842697,0.890244
Chatelier,RF,0.842697,0.896341
Chatelier,RF,0.853933,0.902439
Chatelier,RF,0.865169,0.902439
Chatelier,RF,0.876404,0.908537
Chatelier,RF,0.876404,0.914634
Chatelier,RF,0.876404,0.926829
Chatelier,RF,0.887640,0.926829
Chatelier,RF,0.887640,0.932927
Chatelier,RF,0.898876,0.932927
Chatelier,RF,0.898876,0.945122
Chatelier,RF,0.910112,0.945122
Chatelier,RF,0.910112,0.957317
Chatelier,RF,0.943820,0.957317
Chatelier,RF,0.943820,0.975610
Chatelier,RF,0.955056,0.975610
Chatelier,RF,0.955056,0.987805
Chatelier,RF,0.966292,0.993902
Chatelier,RF,1.000000,0.993902
Chatelier,RF,1.000000,1.000000
